{"type":"FeatureCollection","name":"aceh_kabkota_polygon_maxuse_v14_1","features":[{"type":"Feature","id":"aceh_barat","properties":{"kab_id":"aceh_barat","nama":"Aceh Barat","tipe":"KAB","kode_bps":"","kode_prov":"11","kantah_id":"KANTAH_ACEH_BARAT","status":"BELUM_TARGET","target_minggu_ini":0,"label_lon":96.18629,"label_lat":4.42851,"sort_no":1,"sumber":"BIG_Administrasi_AR_KabKota_50K","source_name":"Aceh Barat","source_objectid":867,"note":""},"geometry":{"type":"Polygon","coordinates":[[[96.26028,4.71238],[96.24327,4.71232],[96.16761,4.75009],[96.16187,4.74335],[96.16447,4.73799],[96.15874,4.73332],[96.16125,4.72634],[96.15856,4.71068],[96.15369,4.70572],[96.14107,4.70425],[96.14079,4.69723],[96.13739,4.69179],[96.13927,4.68739],[96.13347,4.67536],[96.10445,4.67522],[96.10723,4.68488],[96.11126,4.68959],[96.10918,4.69645],[96.11069,4.70043],[96.10676,4.70645],[96.1079,4.71511],[96.10298,4.72304],[96.10619,4.73149],[96.10678,4.74969],[96.00021,4.7495],[96.04277,4.6599],[96.02591,4.61337],[96.03895,4.596],[96.04192,4.58545],[96.0346,4.57286],[96.01744,4.57107],[96.01618,4.55609],[96.01334,4.55116],[96.00071,4.54006],[95.9913,4.53781],[95.97287,4.52642],[95.95749,4.51007],[95.95082,4.50002],[95.9259,4.44241],[95.90195,4.40844],[95.88726,4.39561],[95.87998,4.38412],[95.87631,4.36978],[95.91078,4.33342],[95.96344,4.27145],[95.96683,4.27205],[95.96918,4.26485],[96.01927,4.2124],[96.02441,4.19408],[96.02939,4.19852],[96.03228,4.19784],[96.03194,4.20406],[96.03876,4.20857],[96.04503,4.21081],[96.05451,4.20684],[96.07084,4.19394],[96.12282,4.13976],[96.12779,4.13192],[96.12731,4.12375],[96.13184,4.12688],[96.13067,4.1302],[96.13377,4.13147],[96.13142,4.13763],[96.13741,4.14212],[96.14473,4.14187],[96.15933,4.13295],[96.18968,4.10693],[96.20017,4.11548],[96.20405,4.11031],[96.21372,4.11362],[96.21486,4.11068],[96.23549,4.12138],[96.24334,4.12949],[96.23425,4.13291],[96.23837,4.14393],[96.2428,4.14113],[96.24873,4.14319],[96.24979,4.1397],[96.25708,4.13648],[96.25823,4.14708],[96.26795,4.14392],[96.26907,4.14836],[96.2754,4.15269],[96.27174,4.16155],[96.27352,4.16701],[96.27128,4.16886],[96.27911,4.18402],[96.27668,4.18831],[96.27296,4.1883],[96.26801,4.19883],[96.26844,4.20323],[96.27348,4.20728],[96.26891,4.21198],[96.26449,4.22946],[96.25957,4.23092],[96.255,4.23814],[96.25557,4.24153],[96.25201,4.24426],[96.25849,4.24795],[96.25883,4.2739],[96.2733,4.28625],[96.27504,4.29237],[96.27225,4.29665],[96.27869,4.30766],[96.29086,4.31812],[96.29512,4.31748],[96.30028,4.32311],[96.29992,4.32961],[96.31127,4.33761],[96.31214,4.34328],[96.30489,4.34996],[96.31394,4.35853],[96.32072,4.35735],[96.32018,4.36766],[96.33001,4.36759],[96.34107,4.37695],[96.34292,4.38323],[96.33167,4.38432],[96.33253,4.39099],[96.34522,4.38972],[96.34719,4.39402],[96.35046,4.38983],[96.35634,4.38873],[96.36401,4.39271],[96.36548,4.3963],[96.36998,4.39774],[96.36933,4.41103],[96.37209,4.41792],[96.41696,4.41963],[96.43766,4.42505],[96.45601,4.43704],[96.4625,4.44618],[96.48221,4.4611],[96.48549,4.47381],[96.48064,4.49058],[96.48413,4.50008],[96.45925,4.50114],[96.4523,4.51749],[96.44333,4.52784],[96.45672,4.53142],[96.47284,4.54534],[96.49086,4.54612],[96.49211,4.55498],[96.49627,4.55956],[96.49033,4.5871],[96.49568,4.60067],[96.49437,4.61518],[96.49059,4.62446],[96.4851,4.63064],[96.47821,4.62994],[96.46972,4.62369],[96.44754,4.62309],[96.44007,4.62995],[96.42316,4.6535],[96.40625,4.66996],[96.39497,4.67022],[96.38102,4.67588],[96.36027,4.67032],[96.34654,4.67854],[96.31738,4.68851],[96.27051,4.69766],[96.25747,4.70673],[96.26028,4.71238]]]}},{"type":"Feature","id":"aceh_barat_daya","properties":{"kab_id":"aceh_barat_daya","nama":"Aceh Barat Daya","tipe":"KAB","kode_bps":"","kode_prov":"11","kantah_id":"KANTAH_ACEH_BARAT_DAYA","status":"RENCANA","target_minggu_ini":1,"label_lon":96.86951,"label_lat":3.83404,"sort_no":2,"sumber":"BIG_Administrasi_AR_KabKota_50K","source_name":"Aceh Barat Daya","source_objectid":868,"note":""},"geometry":{"type":"MultiPolygon","coordinates":[[[[96.72918,4.09413],[96.72381,4.09404],[96.71892,4.07878],[96.72672,4.06363],[96.72756,4.05542],[96.72516,4.04573],[96.72775,4.03966],[96.72095,4.02669],[96.71288,4.02172],[96.71721,4.01673],[96.7175,4.00965],[96.71261,4.00836],[96.70896,4.00424],[96.70644,4.00538],[96.70676,3.99503],[96.69767,3.99192],[96.6991,3.9878],[96.68511,3.98934],[96.68611,3.98344],[96.679,3.98664],[96.67295,3.97946],[96.66577,3.98039],[96.65528,3.96989],[96.64542,3.96888],[96.64083,3.97065],[96.6319,3.96344],[96.6343,3.9575],[96.62712,3.95011],[96.62793,3.94367],[96.6228,3.94415],[96.62478,3.94119],[96.62216,3.94144],[96.62224,3.93836],[96.61995,3.9382],[96.62173,3.9363],[96.61933,3.93707],[96.62134,3.93219],[96.61767,3.93042],[96.61879,3.92852],[96.61666,3.92889],[96.61667,3.92549],[96.62172,3.92129],[96.61822,3.91819],[96.6225,3.91741],[96.62128,3.91273],[96.61815,3.91082],[96.61896,3.91365],[96.61634,3.91479],[96.61731,3.90856],[96.61553,3.9072],[96.61244,3.91015],[96.61061,3.90734],[96.60995,3.91102],[96.60333,3.90819],[96.60618,3.90251],[96.60374,3.89601],[96.59834,3.89353],[96.60182,3.89244],[96.59854,3.89089],[96.60148,3.89078],[96.5961,3.88666],[96.59767,3.88434],[96.59587,3.88309],[96.60098,3.87984],[96.59462,3.87665],[96.59782,3.87336],[96.59545,3.87464],[96.59542,3.86994],[96.59311,3.87047],[96.59666,3.86612],[96.59351,3.86483],[96.59508,3.8627],[96.59055,3.85917],[96.59181,3.85702],[96.5895,3.85511],[96.59197,3.85481],[96.59191,3.85212],[96.58863,3.85052],[96.58984,3.84501],[96.58573,3.84478],[96.58478,3.84182],[96.58929,3.83868],[96.58686,3.83701],[96.58455,3.83862],[96.5847,3.83377],[96.58676,3.83158],[96.59097,3.83448],[96.59141,3.83033],[96.60077,3.82593],[96.59932,3.82348],[96.60432,3.82499],[96.6039,3.81798],[96.61072,3.81774],[96.60792,3.81425],[96.6089,3.81038],[96.61299,3.81005],[96.61254,3.80179],[96.6144,3.80019],[96.61177,3.79819],[96.61552,3.79929],[96.61614,3.79619],[96.61364,3.79557],[96.61814,3.79369],[96.61992,3.79017],[96.61222,3.77876],[96.61056,3.78199],[96.60839,3.77732],[96.61026,3.77485],[96.60688,3.77419],[96.60673,3.77171],[96.60857,3.77283],[96.60637,3.76948],[96.60996,3.77113],[96.61165,3.76899],[96.60966,3.76779],[96.61747,3.76588],[96.61525,3.76294],[96.61935,3.76258],[96.6165,3.7601],[96.61985,3.75917],[96.6196,3.75151],[96.61664,3.75356],[96.61475,3.75099],[96.61811,3.7487],[96.62011,3.7499],[96.62447,3.74343],[96.62,3.73705],[96.63691,3.74319],[96.67065,3.7464],[96.70483,3.74249],[96.72339,3.74657],[96.7546,3.73925],[96.77306,3.73909],[96.78313,3.73466],[96.79299,3.72538],[96.80812,3.7239],[96.81099,3.72011],[96.81025,3.71499],[96.81254,3.71778],[96.81736,3.71743],[96.83191,3.70845],[96.85429,3.70093],[96.86941,3.69011],[96.88204,3.673],[96.89452,3.64326],[96.89718,3.628],[96.89464,3.62055],[96.90323,3.60217],[96.93993,3.57469],[96.94249,3.57394],[96.95288,3.59724],[96.95961,3.60459],[96.96353,3.61348],[96.96954,3.61835],[97.00033,3.61676],[97.00162,3.6137],[97.01778,3.60472],[97.02047,3.60617],[97.02814,3.60025],[97.03563,3.60076],[97.04686,3.61769],[97.05664,3.61932],[97.06709,3.62613],[97.07581,3.63762],[97.08357,3.63997],[97.08375,3.64482],[97.10641,3.66917],[97.12172,3.68112],[97.13109,3.68432],[97.1382,3.70171],[97.14226,3.72688],[97.15447,3.7415],[97.14894,3.7494],[97.14627,3.76298],[97.13335,3.79182],[97.12305,3.80715],[97.12015,3.81761],[97.11159,3.83287],[97.10818,3.85428],[97.11511,3.86635],[97.10846,3.87232],[97.11161,3.88025],[97.10869,3.8875],[97.1135,3.8941],[97.11949,3.91405],[97.11813,3.92381],[97.1116,3.93711],[97.10095,3.94525],[97.08122,3.94775],[97.06785,3.95533],[97.04614,3.95838],[97.01806,3.95406],[97.00922,3.95006],[96.99481,3.93852],[96.98393,3.93724],[96.86974,3.9481],[96.83827,3.95443],[96.80993,3.98018],[96.79848,3.99961],[96.80379,4.00685],[96.79972,4.03474],[96.79124,4.05089],[96.76116,4.07488],[96.75175,4.08615],[96.74629,4.08373],[96.745,4.09236],[96.73671,4.08943],[96.73324,4.09366],[96.72918,4.09413]]],[[[96.82554,3.69729],[96.82546,3.6988],[96.82493,3.6974],[96.82554,3.69729]]]]}},{"type":"Feature","id":"aceh_besar","properties":{"kab_id":"aceh_besar","nama":"Aceh Besar","tipe":"KAB","kode_bps":"","kode_prov":"11","kantah_id":"KANTAH_ACEH_BESAR","status":"BELUM_TARGET","target_minggu_ini":0,"label_lon":95.40596,"label_lat":5.42281,"sort_no":3,"sumber":"BIG_Administrasi_AR_KabKota_50K","source_name":"Aceh Besar","source_objectid":869,"note":""},"geometry":{"type":"MultiPolygon","coordinates":[[[[95.20726,5.27931],[95.20323,5.28031],[95.20211,5.27593],[95.20628,5.27434],[95.20726,5.27931]]],[[[95.20865,5.3045],[95.20897,5.30361],[95.20921,5.30436],[95.20865,5.3045]]],[[[95.20744,5.3053],[95.20714,5.30614],[95.20701,5.30569],[95.20744,5.3053]]],[[[95.20728,5.30617],[95.20753,5.30634],[95.2074,5.30667],[95.20728,5.30617]]],[[[95.20615,5.30928],[95.20682,5.30781],[95.20714,5.3089],[95.20615,5.30928]]],[[[95.21981,5.31173],[95.22013,5.31218],[95.21982,5.31211],[95.21981,5.31173]]],[[[95.20401,5.31276],[95.20308,5.31312],[95.20372,5.31228],[95.20401,5.31276]]],[[[95.22683,5.3463],[95.22683,5.3463],[95.22683,5.3463],[95.22683,5.3463]]],[[[95.21808,5.35163],[95.21796,5.35146],[95.2182,5.35154],[95.21808,5.35163]]],[[[95.23114,5.43438],[95.23105,5.43429],[95.23117,5.43428],[95.23114,5.43438]]],[[[95.22964,5.49268],[95.22964,5.49268],[95.22964,5.49268],[95.22964,5.49268]]],[[[95.15069,5.55197],[95.15084,5.55226],[95.14998,5.55199],[95.15069,5.55197]]],[[[95.16962,5.56149],[95.15299,5.55307],[95.16987,5.55121],[95.1774,5.55903],[95.16962,5.56149]]],[[[95.16753,5.56331],[95.16707,5.56323],[95.16794,5.56302],[95.16753,5.56331]]],[[[95.24954,5.56415],[95.25006,5.56478],[95.24922,5.56473],[95.24954,5.56415]]],[[[95.18086,5.57361],[95.18133,5.57429],[95.17903,5.57363],[95.18086,5.57361]]],[[[95.21553,5.57879],[95.2156,5.57904],[95.21504,5.57921],[95.21553,5.57879]]],[[[95.22075,5.57829],[95.21678,5.58037],[95.21735,5.57789],[95.22075,5.57829]]],[[[95.21568,5.58037],[95.21548,5.58035],[95.2163,5.58006],[95.21568,5.58037]]],[[[95.20218,5.58278],[95.18274,5.5745],[95.20178,5.57925],[95.21475,5.57969],[95.20218,5.58278]]],[[[95.05837,5.60801],[95.05844,5.60838],[95.0577,5.60791],[95.05837,5.60801]]],[[[95.05836,5.60855],[95.05839,5.60907],[95.05779,5.60859],[95.05836,5.60855]]],[[[95.06069,5.60973],[95.06076,5.6101],[95.0605,5.61035],[95.06069,5.60973]]],[[[95.05966,5.6089],[95.05932,5.61098],[95.05891,5.60918],[95.05966,5.6089]]],[[[95.06173,5.61187],[95.06051,5.61047],[95.06282,5.61022],[95.06173,5.61187]]],[[[95.06195,5.61333],[95.06177,5.61472],[95.06123,5.6137],[95.06195,5.61333]]],[[[95.53243,5.6175],[95.53214,5.61733],[95.53226,5.61712],[95.53243,5.6175]]],[[[95.05078,5.62384],[95.05046,5.62369],[95.05094,5.62366],[95.05078,5.62384]]],[[[95.05141,5.62524],[95.05105,5.6252],[95.05105,5.62477],[95.05141,5.62524]]],[[[95.1683,5.64154],[95.16931,5.64274],[95.16831,5.64257],[95.1683,5.64154]]],[[[95.07876,5.64399],[95.06531,5.63755],[95.06145,5.63686],[95.05923,5.63904],[95.05241,5.6301],[95.05118,5.62279],[95.05556,5.621],[95.06077,5.62225],[95.06138,5.62513],[95.07564,5.63376],[95.08041,5.63325],[95.08647,5.64047],[95.07876,5.64399]]],[[[95.43359,5.65658],[95.41604,5.64941],[95.37644,5.61018],[95.36923,5.60725],[95.36593,5.6015],[95.35032,5.59467],[95.35476,5.5836],[95.36511,5.58492],[95.36876,5.58913],[95.37274,5.57883],[95.36996,5.57671],[95.37218,5.57135],[95.37763,5.56908],[95.36805,5.56219],[95.35945,5.5723],[95.35763,5.57127],[95.35781,5.56629],[95.35288,5.56088],[95.35347,5.55785],[95.35732,5.55863],[95.35941,5.55349],[95.35963,5.54121],[95.35514,5.54228],[95.35269,5.53345],[95.35038,5.53548],[95.34435,5.53482],[95.3436,5.52777],[95.3277,5.52779],[95.32029,5.51658],[95.30918,5.51714],[95.30905,5.51927],[95.30095,5.52138],[95.29612,5.5276],[95.28964,5.52811],[95.28889,5.53137],[95.28369,5.53224],[95.28264,5.5358],[95.28011,5.53601],[95.28376,5.54508],[95.28092,5.54797],[95.25858,5.54805],[95.25253,5.55035],[95.25403,5.54533],[95.23932,5.54784],[95.23577,5.55114],[95.23764,5.55547],[95.23471,5.56211],[95.23954,5.57],[95.22504,5.57573],[95.22629,5.57093],[95.22121,5.57027],[95.21433,5.56411],[95.21579,5.55853],[95.21225,5.54936],[95.20988,5.54849],[95.20853,5.5411],[95.19355,5.52752],[95.19606,5.52537],[95.19564,5.52145],[95.19962,5.5211],[95.20778,5.51091],[95.21024,5.50286],[95.21848,5.49841],[95.22569,5.49938],[95.22855,5.49632],[95.22944,5.48975],[95.22463,5.48529],[95.23374,5.48065],[95.23483,5.47337],[95.24043,5.46864],[95.2439,5.45759],[95.24367,5.45203],[95.23937,5.45046],[95.23827,5.45206],[95.24195,5.44976],[95.24228,5.44558],[95.23812,5.44138],[95.23788,5.43744],[95.2296,5.4328],[95.23436,5.42558],[95.2345,5.42825],[95.23706,5.42904],[95.24235,5.42502],[95.25001,5.40233],[95.25277,5.37636],[95.25017,5.36707],[95.24501,5.36661],[95.24402,5.35602],[95.24173,5.35578],[95.24006,5.34957],[95.2433,5.34055],[95.24061,5.33866],[95.23548,5.34215],[95.2299,5.3623],[95.22708,5.34656],[95.22189,5.34457],[95.22816,5.33911],[95.23055,5.33264],[95.23689,5.33038],[95.23874,5.32459],[95.2354,5.31786],[95.23092,5.31541],[95.21843,5.3242],[95.21752,5.3208],[95.2221,5.32024],[95.22003,5.31747],[95.22373,5.31399],[95.22153,5.311],[95.21632,5.31139],[95.21244,5.30299],[95.21474,5.30439],[95.21862,5.29877],[95.2197,5.29078],[95.21862,5.2837],[95.21184,5.27554],[95.21487,5.276],[95.22058,5.27159],[95.22268,5.27839],[95.22866,5.28279],[95.22963,5.28836],[95.23367,5.28419],[95.23857,5.28325],[95.24558,5.27521],[95.24677,5.26438],[95.24528,5.26552],[95.23907,5.26155],[95.23745,5.26351],[95.23281,5.25813],[95.23554,5.25193],[95.2378,5.2572],[95.24434,5.25452],[95.25292,5.23965],[95.2528,5.22822],[95.24163,5.22583],[95.24208,5.22219],[95.24664,5.22327],[95.25434,5.22084],[95.26091,5.21398],[95.26902,5.19911],[95.27676,5.19984],[95.28682,5.19454],[95.30826,5.16759],[95.33209,5.17895],[95.3286,5.1861],[95.33162,5.19487],[95.33173,5.20821],[95.32476,5.22416],[95.33443,5.23058],[95.34876,5.23364],[95.34783,5.24522],[95.36638,5.2542],[95.37444,5.25123],[95.37951,5.23935],[95.3901,5.23338],[95.39252,5.22334],[95.3952,5.21938],[95.39937,5.21841],[95.40148,5.21253],[95.42092,5.22503],[95.42861,5.22265],[95.4372,5.22415],[95.45426,5.2187],[95.46308,5.21032],[95.46912,5.214],[95.47686,5.21063],[95.48447,5.21137],[95.49866,5.2202],[95.51706,5.21754],[95.52443,5.21363],[95.53366,5.21702],[95.54544,5.20581],[95.56402,5.21028],[95.58777,5.2086],[95.59712,5.19219],[95.61229,5.19111],[95.61609,5.18884],[95.62144,5.17446],[95.62218,5.16476],[95.63311,5.15819],[95.64301,5.14679],[95.64155,5.14066],[95.63544,5.13552],[95.63179,5.12678],[95.64065,5.10894],[95.64013,5.10514],[95.6301,5.09168],[95.6387,5.0741],[95.64825,5.06715],[95.6722,5.06081],[95.6959,5.05851],[95.70546,5.05198],[95.71952,5.05487],[95.73355,5.05296],[95.74656,5.0648],[95.76358,5.06505],[95.77013,5.07216],[95.7739,5.07181],[95.79249,5.08105],[95.79902,5.07935],[95.82073,5.08547],[95.83119,5.1164],[95.84001,5.13364],[95.83992,5.14149],[95.83261,5.16468],[95.82827,5.17155],[95.78921,5.21705],[95.78271,5.24321],[95.77476,5.2534],[95.77595,5.25764],[95.78592,5.25965],[95.7914,5.27414],[95.7914,5.28013],[95.76485,5.28978],[95.76004,5.29574],[95.75825,5.30262],[95.76755,5.30629],[95.767,5.31068],[95.76178,5.31458],[95.75136,5.31503],[95.74847,5.31887],[95.74715,5.33357],[95.75169,5.34607],[95.74903,5.35761],[95.75082,5.3608],[95.75615,5.36069],[95.76,5.36461],[95.76098,5.36856],[95.75625,5.37737],[95.75772,5.38923],[95.76382,5.39417],[95.76755,5.40346],[95.75513,5.40992],[95.7533,5.41862],[95.75882,5.43124],[95.77327,5.43232],[95.7803,5.44265],[95.77485,5.45628],[95.77171,5.45356],[95.7655,5.45314],[95.76458,5.44756],[95.76103,5.44433],[95.7619,5.45528],[95.7594,5.45718],[95.75958,5.46088],[95.76419,5.46756],[95.7541,5.47853],[95.74401,5.48035],[95.73303,5.48804],[95.72891,5.49198],[95.72601,5.50047],[95.73729,5.51263],[95.73724,5.5162],[95.72528,5.52334],[95.72782,5.52851],[95.72868,5.54219],[95.7418,5.55975],[95.74467,5.56939],[95.72937,5.576],[95.70271,5.57955],[95.68582,5.58484],[95.65735,5.59833],[95.63174,5.61602],[95.62057,5.61833],[95.61503,5.62283],[95.61529,5.62629],[95.61065,5.62779],[95.59692,5.62533],[95.58231,5.61707],[95.57663,5.61811],[95.54837,5.61348],[95.54347,5.61676],[95.5387,5.61021],[95.53154,5.61459],[95.52899,5.61207],[95.53055,5.59965],[95.52407,5.59534],[95.51505,5.59535],[95.50111,5.60106],[95.49143,5.60901],[95.46217,5.64663],[95.45471,5.65183],[95.43359,5.65658]]],[[[95.15835,5.65761],[95.15873,5.65807],[95.15844,5.65835],[95.15835,5.65761]]],[[[95.14806,5.66159],[95.14029,5.66036],[95.13696,5.65601],[95.14009,5.65518],[95.14365,5.64897],[95.14488,5.63468],[95.12844,5.62524],[95.11896,5.61517],[95.12155,5.6074],[95.11887,5.60155],[95.12495,5.60234],[95.1262,5.59575],[95.12938,5.5939],[95.13661,5.60643],[95.14125,5.6064],[95.14564,5.60311],[95.1448,5.59439],[95.1489,5.59132],[95.15034,5.59528],[95.15353,5.59609],[95.15546,5.5941],[95.15905,5.59825],[95.1671,5.60082],[95.16711,5.60637],[95.18584,5.60869],[95.19449,5.60502],[95.18098,5.61988],[95.17129,5.62485],[95.17086,5.63115],[95.16567,5.63686],[95.16702,5.641],[95.16158,5.63761],[95.15833,5.64069],[95.15857,5.64801],[95.1661,5.64947],[95.1659,5.65169],[95.15903,5.65309],[95.15689,5.65968],[95.14806,5.66159]]],[[[95.10893,5.66341],[95.10937,5.66381],[95.10917,5.66417],[95.10893,5.66341]]],[[[95.03778,5.67157],[95.03464,5.67102],[95.0376,5.67018],[95.03778,5.67157]]],[[[95.03369,5.67148],[95.03364,5.67181],[95.03351,5.67179],[95.03369,5.67148]]],[[[95.03838,5.67173],[95.03807,5.67192],[95.03778,5.67186],[95.03838,5.67173]]],[[[95.03885,5.6717],[95.03893,5.67242],[95.0386,5.67234],[95.03885,5.6717]]],[[[95.38756,5.6867],[95.3872,5.68641],[95.38774,5.68635],[95.38756,5.6867]]],[[[95.01453,5.71321],[95.01559,5.71507],[95.01442,5.71391],[95.01453,5.71321]]],[[[95.01627,5.71451],[95.01777,5.71709],[95.01604,5.7153],[95.01627,5.71451]]],[[[95.05895,5.75032],[95.05598,5.75373],[95.05597,5.75031],[95.04506,5.75005],[95.04076,5.74726],[95.037,5.7506],[95.02627,5.74931],[95.03055,5.74647],[95.03057,5.74257],[95.01655,5.73325],[95.01106,5.72395],[95.01733,5.71914],[95.02728,5.7258],[95.03034,5.72502],[95.03352,5.72952],[95.03804,5.7303],[95.04574,5.73707],[95.04834,5.73493],[95.04962,5.72832],[95.04739,5.72253],[95.05931,5.72031],[95.05893,5.71223],[95.03879,5.70708],[95.04363,5.70147],[95.04036,5.6933],[95.04532,5.69724],[95.04986,5.69716],[95.05931,5.68476],[95.05864,5.67895],[95.04383,5.67135],[95.06465,5.67192],[95.0699,5.66566],[95.06505,5.65814],[95.05918,5.65556],[95.05719,5.65166],[95.05324,5.65167],[95.05518,5.64821],[95.07781,5.6569],[95.07791,5.66629],[95.07177,5.6666],[95.07586,5.66927],[95.08188,5.6661],[95.0828,5.66774],[95.08403,5.66327],[95.08799,5.66888],[95.11023,5.66715],[95.11755,5.67227],[95.1344,5.66816],[95.13887,5.6631],[95.14052,5.66406],[95.1429,5.66665],[95.13778,5.67421],[95.12989,5.67064],[95.12981,5.67328],[95.1381,5.67612],[95.13253,5.68617],[95.12837,5.68641],[95.12822,5.69041],[95.12536,5.6921],[95.11912,5.68938],[95.1138,5.69495],[95.10628,5.69605],[95.10635,5.69818],[95.11195,5.70106],[95.11142,5.70451],[95.10504,5.71276],[95.09622,5.71442],[95.09015,5.72447],[95.08521,5.72394],[95.08319,5.72031],[95.07297,5.72291],[95.07272,5.73002],[95.06443,5.73418],[95.06355,5.73741],[95.06609,5.7435],[95.07163,5.74449],[95.06732,5.74726],[95.06032,5.74716],[95.05895,5.75032]]],[[[95.05643,5.75382],[95.05655,5.754],[95.05623,5.75398],[95.05643,5.75382]]],[[[95.01238,5.75532],[95.01073,5.75483],[95.01168,5.75453],[95.01238,5.75532]]],[[[95.01323,5.7552],[95.01383,5.75559],[95.01318,5.75542],[95.01323,5.7552]]],[[[95.01195,5.75586],[95.01121,5.75548],[95.0124,5.75562],[95.01195,5.75586]]],[[[95.01375,5.75602],[95.01366,5.7562],[95.01343,5.75612],[95.01375,5.75602]]],[[[95.03548,5.76445],[95.03525,5.76415],[95.03593,5.76418],[95.03548,5.76445]]],[[[94.97235,5.79222],[94.97191,5.79207],[94.97214,5.79199],[94.97235,5.79222]]],[[[94.97413,5.79363],[94.97355,5.79278],[94.97485,5.79313],[94.97413,5.79363]]]]}},{"type":"Feature","id":"aceh_jaya","properties":{"kab_id":"aceh_jaya","nama":"Aceh Jaya","tipe":"KAB","kode_bps":"","kode_prov":"11","kantah_id":"KANTAH_ACEH_JAYA","status":"BELUM_TARGET","target_minggu_ini":0,"label_lon":95.66231,"label_lat":4.81199,"sort_no":4,"sumber":"BIG_Administrasi_AR_KabKota_50K","source_name":"Aceh Jaya","source_objectid":870,"note":""},"geometry":{"type":"MultiPolygon","coordinates":[[[[95.58276,4.61059],[95.58265,4.61114],[95.58178,4.61104],[95.58276,4.61059]]],[[[95.56846,4.61127],[95.56768,4.61118],[95.56814,4.61041],[95.56846,4.61127]]],[[[95.58567,4.61138],[95.58454,4.61161],[95.58549,4.6111],[95.58567,4.61138]]],[[[95.58222,4.61295],[95.58125,4.61176],[95.58264,4.61211],[95.58222,4.61295]]],[[[95.58269,4.61368],[95.58266,4.61462],[95.58238,4.61399],[95.58269,4.61368]]],[[[95.57526,4.61504],[95.57284,4.61612],[95.57395,4.61444],[95.57526,4.61504]]],[[[95.57591,4.61673],[95.57546,4.61751],[95.57524,4.61679],[95.57591,4.61673]],[[95.57304,4.61799],[95.57232,4.61881],[95.57375,4.61726],[95.57304,4.61799]]],[[[95.5715,4.61919],[95.57182,4.61976],[95.57141,4.61937],[95.5715,4.61919]]],[[[95.52146,4.63495],[95.52172,4.63574],[95.52129,4.6352],[95.52146,4.63495]]],[[[95.52092,4.63618],[95.52021,4.63558],[95.52072,4.63552],[95.52092,4.63618]]],[[[95.52117,4.63865],[95.51799,4.63778],[95.5204,4.63629],[95.52117,4.63865]]],[[[95.56445,4.6402],[95.56558,4.64253],[95.56397,4.64448],[95.56445,4.6402]]],[[[95.58256,4.64666],[95.58277,4.64715],[95.58227,4.64695],[95.58256,4.64666]]],[[[95.55841,4.64761],[95.55564,4.64822],[95.55508,4.6449],[95.55869,4.64164],[95.55841,4.64761]]],[[[95.57262,4.65043],[95.57253,4.65125],[95.57169,4.65156],[95.57262,4.65043]]],[[[95.56162,4.65201],[95.56188,4.65335],[95.56145,4.65282],[95.56162,4.65201]]],[[[95.54022,4.65353],[95.53971,4.65467],[95.53905,4.65344],[95.54022,4.65353]]],[[[95.53232,4.66981],[95.53271,4.67055],[95.53183,4.67065],[95.53232,4.66981]]],[[[95.51022,4.6851],[95.51021,4.68575],[95.50994,4.68544],[95.51022,4.6851]]],[[[95.52013,4.68556],[95.52016,4.68632],[95.51987,4.68591],[95.52013,4.68556]]],[[[95.50681,4.68684],[95.50679,4.68719],[95.5063,4.68679],[95.50681,4.68684]]],[[[95.50881,4.68704],[95.50813,4.6869],[95.50877,4.68655],[95.50881,4.68704]]],[[[95.50633,4.68827],[95.50557,4.68778],[95.50675,4.68753],[95.50633,4.68827]]],[[[95.51066,4.68745],[95.50916,4.68829],[95.5098,4.68679],[95.51066,4.68745]]],[[[95.50792,4.70506],[95.50778,4.70567],[95.50713,4.70513],[95.50792,4.70506]]],[[[95.5022,4.72067],[95.50242,4.72083],[95.50209,4.72114],[95.5022,4.72067]]],[[[95.50374,4.72042],[95.50404,4.72179],[95.50331,4.72098],[95.50374,4.72042]]],[[[95.4815,4.72162],[95.48059,4.7221],[95.48152,4.72048],[95.4815,4.72162]]],[[[95.48423,4.72279],[95.48555,4.72348],[95.48356,4.72357],[95.48423,4.72279]]],[[[95.48799,4.72171],[95.48789,4.72438],[95.48701,4.72367],[95.48799,4.72171]]],[[[95.5038,4.72252],[95.50244,4.72433],[95.50219,4.72233],[95.5038,4.72252]]],[[[95.49597,4.73716],[95.49606,4.7374],[95.49572,4.73723],[95.49597,4.73716]]],[[[95.44631,4.77472],[95.44362,4.77457],[95.4517,4.76987],[95.45084,4.77451],[95.44631,4.77472]]],[[[95.44824,4.78764],[95.44755,4.78773],[95.44816,4.78752],[95.44824,4.78764]]],[[[95.43766,4.80756],[95.43759,4.80775],[95.43737,4.80773],[95.43766,4.80756]]],[[[95.42746,4.80886],[95.42748,4.80911],[95.42734,4.80895],[95.42746,4.80886]]],[[[95.36402,4.87598],[95.3632,4.87707],[95.3634,4.87621],[95.36402,4.87598]]],[[[95.3711,4.87701],[95.36488,4.87571],[95.36867,4.86708],[95.37379,4.86134],[95.37674,4.86245],[95.38167,4.8588],[95.38889,4.87031],[95.38923,4.87545],[95.3711,4.87701]]],[[[95.39726,4.89818],[95.39728,4.89833],[95.39714,4.89827],[95.39726,4.89818]]],[[[95.37741,4.92064],[95.37705,4.92134],[95.3768,4.92075],[95.37741,4.92064]]],[[[95.37627,4.92074],[95.37622,4.9215],[95.37592,4.9211],[95.37627,4.92074]]],[[[95.35046,5.01345],[95.35025,5.01425],[95.34962,5.01427],[95.35046,5.01345]]],[[[95.3065,5.0817],[95.3057,5.08189],[95.30657,5.08083],[95.3065,5.0817]]],[[[95.29655,5.11586],[95.29277,5.11981],[95.288,5.12042],[95.28184,5.11504],[95.28628,5.11253],[95.28327,5.10811],[95.29341,5.11199],[95.29655,5.11586]]],[[[95.29059,5.12928],[95.28789,5.12969],[95.28781,5.12682],[95.29339,5.12604],[95.29059,5.12928]]],[[[95.38995,5.23068],[95.3901,5.23338],[95.37951,5.23935],[95.37444,5.25123],[95.36638,5.2542],[95.34783,5.24522],[95.34876,5.23364],[95.33443,5.23058],[95.32533,5.22478],[95.33173,5.20821],[95.33162,5.19487],[95.3286,5.1861],[95.33209,5.17895],[95.30598,5.16813],[95.30925,5.16182],[95.30615,5.14946],[95.30793,5.14735],[95.3056,5.13911],[95.30159,5.13891],[95.30894,5.13183],[95.31117,5.11722],[95.30321,5.11275],[95.30386,5.10982],[95.31057,5.10474],[95.31443,5.09469],[95.3206,5.09155],[95.31708,5.08069],[95.30712,5.08106],[95.31277,5.07806],[95.31795,5.07831],[95.32148,5.07206],[95.32025,5.06824],[95.32342,5.06902],[95.32667,5.0661],[95.33316,5.05025],[95.34825,5.04812],[95.35632,5.03868],[95.36249,5.03903],[95.36732,5.03247],[95.36875,5.02319],[95.36639,5.01367],[95.36061,5.01145],[95.35503,5.0124],[95.35835,5.00828],[95.35563,5.00661],[95.35583,5.00367],[95.35855,4.99817],[95.36516,4.9999],[95.36924,4.99579],[95.37065,4.98614],[95.37521,4.98257],[95.37344,4.97469],[95.3804,4.97061],[95.38145,4.96266],[95.37674,4.95779],[95.37771,4.95443],[95.37496,4.94837],[95.36689,4.9481],[95.37268,4.94317],[95.37148,4.93867],[95.37766,4.93505],[95.37571,4.92817],[95.37852,4.92104],[95.38516,4.92025],[95.38865,4.91713],[95.39236,4.90252],[95.39507,4.903],[95.40068,4.89502],[95.40062,4.88366],[95.39756,4.87823],[95.39501,4.87827],[95.39779,4.87017],[95.40733,4.86367],[95.4248,4.8416],[95.42636,4.83436],[95.42451,4.82841],[95.41815,4.82357],[95.41227,4.82455],[95.41255,4.81988],[95.41482,4.82116],[95.4237,4.81797],[95.42756,4.81381],[95.42721,4.80905],[95.42868,4.8111],[95.43333,4.80756],[95.44072,4.80978],[95.44569,4.80777],[95.45387,4.79643],[95.4557,4.78751],[95.45337,4.78223],[95.47027,4.77273],[95.49459,4.74864],[95.49814,4.74196],[95.49523,4.73928],[95.49616,4.73692],[95.50429,4.73104],[95.51357,4.71813],[95.51307,4.70979],[95.51014,4.70776],[95.50584,4.71032],[95.50584,4.70703],[95.51174,4.70542],[95.53279,4.68465],[95.53534,4.67263],[95.54193,4.66938],[95.54098,4.65577],[95.55622,4.65456],[95.55458,4.65746],[95.55784,4.66053],[95.55582,4.66358],[95.56218,4.66728],[95.58359,4.65614],[95.58597,4.64989],[95.58315,4.643],[95.58071,4.64404],[95.58302,4.6425],[95.58213,4.64033],[95.57561,4.64258],[95.57257,4.64075],[95.57533,4.63465],[95.57083,4.63134],[95.56508,4.63281],[95.56703,4.6268],[95.57213,4.62802],[95.58031,4.62328],[95.57987,4.63041],[95.58733,4.63192],[95.60999,4.61925],[95.64107,4.5894],[95.67971,4.56025],[95.73823,4.50867],[95.77986,4.46635],[95.81037,4.42807],[95.81922,4.42262],[95.87631,4.36978],[95.87998,4.38412],[95.88726,4.39561],[95.90195,4.40844],[95.9259,4.44241],[95.95082,4.50002],[95.95749,4.51007],[95.97287,4.52642],[95.9913,4.53781],[96.00071,4.54006],[96.01334,4.55116],[96.01618,4.55609],[96.01744,4.57107],[96.0346,4.57286],[96.04192,4.58545],[96.03895,4.596],[96.02591,4.61337],[96.04277,4.6599],[96.00021,4.7495],[95.99448,4.7556],[95.99532,4.76916],[95.99212,4.78603],[95.98619,4.79293],[95.97965,4.79636],[95.97227,4.81241],[95.96283,4.81944],[95.952,4.83473],[95.92678,4.84749],[95.90132,4.86811],[95.88688,4.89117],[95.88141,4.91587],[95.8562,4.92841],[95.8542,4.93889],[95.84692,4.95441],[95.79779,4.99239],[95.78353,5.00878],[95.77804,5.02249],[95.77222,5.027],[95.76604,5.03794],[95.76211,5.05546],[95.743,5.0606],[95.73355,5.05296],[95.71952,5.05487],[95.70546,5.05198],[95.6959,5.05851],[95.65665,5.06424],[95.63903,5.07368],[95.6301,5.09168],[95.64013,5.10514],[95.64065,5.10894],[95.63179,5.12678],[95.63544,5.13552],[95.64359,5.14454],[95.63311,5.15819],[95.62218,5.16476],[95.61896,5.18316],[95.61425,5.1904],[95.59712,5.19219],[95.58777,5.2086],[95.56402,5.21028],[95.54544,5.20581],[95.53366,5.21702],[95.52443,5.21363],[95.51706,5.21754],[95.49866,5.2202],[95.48447,5.21137],[95.47686,5.21063],[95.46912,5.214],[95.46308,5.21032],[95.45426,5.2187],[95.4372,5.22415],[95.42861,5.22265],[95.42092,5.22503],[95.40148,5.21253],[95.39937,5.21841],[95.39411,5.22063],[95.38995,5.23068]]]]}},{"type":"Feature","id":"aceh_selatan","properties":{"kab_id":"aceh_selatan","nama":"Aceh Selatan","tipe":"KAB","kode_bps":"","kode_prov":"11","kantah_id":"KANTAH_ACEH_SELATAN","status":"BELUM_TARGET","target_minggu_ini":0,"label_lon":97.42566,"label_lat":3.06818,"sort_no":5,"sumber":"BIG_Administrasi_AR_KabKota_50K","source_name":"Aceh Selatan","source_objectid":871,"note":""},"geometry":{"type":"MultiPolygon","coordinates":[[[[97.267,3.64883],[97.21087,3.68652],[97.18671,3.71406],[97.15447,3.7415],[97.14226,3.72688],[97.1382,3.70171],[97.13109,3.68432],[97.12172,3.68112],[97.10641,3.66917],[97.08375,3.64482],[97.08357,3.63997],[97.07581,3.63762],[97.06709,3.62613],[97.05664,3.61932],[97.04686,3.61769],[97.03563,3.60076],[97.02814,3.60025],[97.02047,3.60617],[97.01778,3.60472],[97.00162,3.6137],[97.00033,3.61676],[96.96954,3.61835],[96.96353,3.61348],[96.95961,3.60459],[96.95288,3.59724],[96.94249,3.57394],[96.98908,3.55453],[96.9939,3.55142],[96.99468,3.54547],[96.99828,3.5471],[96.99935,3.54541],[96.99881,3.54914],[97.00231,3.5474],[97.00143,3.54342],[97.00394,3.54189],[97.00605,3.53021],[97.0199,3.51785],[97.02034,3.50419],[97.02315,3.50357],[97.0264,3.49602],[97.03942,3.48456],[97.05072,3.46576],[97.0529,3.45917],[97.05043,3.45557],[97.05566,3.45759],[97.06042,3.45445],[97.05923,3.44587],[97.06403,3.44335],[97.06543,3.43775],[97.06292,3.43506],[97.063,3.43024],[97.0719,3.42756],[97.07091,3.42063],[97.08013,3.40901],[97.0805,3.40364],[97.08058,3.40578],[97.08448,3.40258],[97.08506,3.39457],[97.09391,3.38764],[97.11059,3.36001],[97.11628,3.35601],[97.11972,3.35633],[97.12436,3.35077],[97.12589,3.34497],[97.1231,3.33996],[97.12294,3.33014],[97.12858,3.32564],[97.12762,3.31895],[97.13515,3.31763],[97.14353,3.31046],[97.15312,3.2886],[97.15951,3.2834],[97.16121,3.27735],[97.15863,3.2717],[97.16542,3.2703],[97.16942,3.25764],[97.17941,3.24974],[97.18299,3.25765],[97.18727,3.25625],[97.19372,3.26078],[97.19679,3.25816],[97.19569,3.25367],[97.19803,3.25114],[97.20366,3.24831],[97.21039,3.2521],[97.21544,3.24896],[97.21751,3.24414],[97.22369,3.24264],[97.22172,3.24056],[97.22411,3.2317],[97.23073,3.2311],[97.23866,3.23588],[97.24302,3.23538],[97.25532,3.22467],[97.26529,3.2092],[97.27755,3.18129],[97.31598,3.05507],[97.36801,2.99143],[97.3962,2.96056],[97.42701,2.93354],[97.44767,2.92372],[97.48635,2.92074],[97.50708,2.90541],[97.51443,2.90406],[97.52056,2.89313],[97.54054,2.88423],[97.54284,2.88858],[97.55458,2.89315],[97.56497,2.88743],[97.57007,2.89117],[97.57839,2.89151],[97.59354,2.87912],[97.604,2.86022],[97.61458,2.83339],[97.63479,2.75442],[97.64997,2.67612],[97.65846,2.53563],[97.65746,2.46331],[97.66307,2.40017],[97.66504,2.39486],[97.71,2.40909],[97.73305,2.42356],[97.75,2.44251],[97.79095,2.49845],[97.79554,2.54842],[97.82521,2.63693],[97.81343,2.65306],[97.81716,2.66732],[97.76653,2.78807],[97.78763,2.79952],[97.78462,2.80495],[97.84686,2.83262],[97.8577,2.84298],[97.86022,2.84604],[97.85716,2.87384],[97.85858,2.88189],[97.88885,2.89611],[97.90572,2.91178],[97.90882,2.9246],[97.90665,2.95712],[97.90038,2.96631],[97.87338,2.96773],[97.81478,2.98304],[97.81497,2.96926],[97.80727,2.96075],[97.80487,2.9611],[97.80131,2.97286],[97.79819,2.975],[97.78848,2.97197],[97.77217,2.96093],[97.76477,2.93799],[97.75357,2.92712],[97.74206,2.92837],[97.6934,2.94188],[97.65357,2.94802],[97.64061,2.95345],[97.63301,2.96966],[97.63348,3.00722],[97.6346,3.01485],[97.64233,3.0245],[97.64291,3.02989],[97.61547,3.09206],[97.60385,3.10862],[97.57272,3.13036],[97.55214,3.14876],[97.51685,3.17049],[97.47736,3.21697],[97.46406,3.26787],[97.46647,3.29084],[97.47588,3.31833],[97.47466,3.32317],[97.44035,3.39607],[97.3983,3.45044],[97.45094,3.53585],[97.45728,3.53947],[97.48221,3.54116],[97.4841,3.54315],[97.48417,3.55912],[97.47379,3.56554],[97.46972,3.57408],[97.46953,3.58406],[97.4623,3.60468],[97.46314,3.61866],[97.43509,3.63605],[97.42047,3.63225],[97.41636,3.61898],[97.4035,3.61559],[97.39853,3.61792],[97.39339,3.63258],[97.3739,3.639],[97.35753,3.62206],[97.35055,3.61971],[97.34483,3.62161],[97.34201,3.61653],[97.33041,3.61024],[97.29511,3.59521],[97.29556,3.60799],[97.28363,3.64337],[97.27874,3.64844],[97.267,3.64883]]],[[[97.59379,2.80797],[97.59385,2.80903],[97.59258,2.80969],[97.59379,2.80797]]],[[[97.51905,2.88083],[97.51835,2.88362],[97.5173,2.88185],[97.51905,2.88083]]],[[[97.51511,2.88707],[97.51449,2.88901],[97.51364,2.88749],[97.51511,2.88707]]],[[[97.43855,2.90665],[97.4383,2.90739],[97.43816,2.90692],[97.43855,2.90665]]],[[[97.12829,3.31759],[97.12842,3.31786],[97.1281,3.3177],[97.12829,3.31759]]],[[[97.07264,3.41502],[97.07271,3.41596],[97.07208,3.41613],[97.07264,3.41502]]],[[[97.00157,3.52618],[97.00005,3.52935],[96.99968,3.52676],[97.00157,3.52618]]]]}},{"type":"Feature","id":"aceh_singkil","properties":{"kab_id":"aceh_singkil","nama":"Aceh Singkil","tipe":"KAB","kode_bps":"","kode_prov":"11","kantah_id":"KANTAH_ACEH_SINGKIL","status":"AKTIF","target_minggu_ini":1,"label_lon":97.63675,"label_lat":2.27956,"sort_no":6,"sumber":"BIG_Administrasi_AR_KabKota_50K","source_name":"Aceh Singkil","source_objectid":872,"note":""},"geometry":{"type":"MultiPolygon","coordinates":[[[[98.01587,2.58195],[97.99438,2.58198],[97.95919,2.5731],[97.91269,2.57058],[97.90407,2.56223],[97.89896,2.56441],[97.85503,2.56456],[97.85526,2.52744],[97.8651,2.52744],[97.86497,2.49881],[97.7912,2.50019],[97.75,2.44251],[97.7311,2.42182],[97.71,2.40909],[97.66504,2.39486],[97.69587,2.36351],[97.72225,2.32715],[97.73449,2.31471],[97.74787,2.28545],[97.75753,2.27041],[97.77105,2.25609],[97.77787,2.23954],[97.78208,2.239],[97.78529,2.2314],[97.79533,2.24515],[97.79384,2.25549],[97.8003,2.27077],[97.83113,2.26564],[97.86933,2.2459],[97.88139,2.24321],[97.8943,2.24942],[97.90093,2.26186],[97.91344,2.27175],[97.94969,2.27035],[97.9736,2.26063],[98.01297,2.23753],[98.08293,2.20348],[98.10975,2.18777],[98.12731,2.16952],[98.13454,2.17848],[98.14343,2.20371],[98.16309,2.23084],[98.16736,2.23559],[98.17623,2.23582],[98.17851,2.23913],[98.176,2.24731],[98.18569,2.27004],[98.18649,2.29422],[98.19414,2.31055],[98.19705,2.31189],[98.18381,2.3314],[98.1474,2.42366],[98.1372,2.43073],[98.10431,2.47115],[98.08613,2.50066],[98.08132,2.51828],[98.08224,2.55514],[98.07737,2.56124],[98.07666,2.57471],[98.01587,2.58195]]],[[[97.38631,1.98621],[97.3815,1.98227],[97.3839,1.97715],[97.38825,1.98252],[97.38631,1.98621]]],[[[97.39113,2.04221],[97.38781,2.04338],[97.38456,2.04139],[97.3913,2.03634],[97.39324,2.03841],[97.39113,2.04221]]],[[[97.3532,2.05763],[97.35312,2.05848],[97.35253,2.05876],[97.3532,2.05763]]],[[[97.34947,2.06143],[97.34967,2.0619],[97.34917,2.06184],[97.34947,2.06143]]],[[[97.35154,2.06373],[97.35157,2.06408],[97.35125,2.06385],[97.35154,2.06373]]],[[[97.34882,2.06681],[97.34864,2.06704],[97.3486,2.06682],[97.34882,2.06681]]],[[[97.34852,2.06735],[97.34808,2.06775],[97.34742,2.06721],[97.34852,2.06735]]],[[[97.34972,2.07013],[97.34946,2.07052],[97.34888,2.0704],[97.34972,2.07013]]],[[[97.34815,2.07263],[97.34795,2.07339],[97.34754,2.07278],[97.34815,2.07263]]],[[[97.3552,2.07378],[97.35287,2.07557],[97.35113,2.07262],[97.35262,2.06638],[97.35671,2.06479],[97.35488,2.06361],[97.35863,2.06594],[97.3552,2.07378]]],[[[97.08808,2.10674],[97.08716,2.10656],[97.08804,2.10599],[97.08808,2.10674]]],[[[97.35046,2.11384],[97.35046,2.11282],[97.35151,2.11293],[97.35046,2.11384]]],[[[97.11322,2.1145],[97.10402,2.11159],[97.0984,2.11396],[97.09304,2.1067],[97.09838,2.09325],[97.09706,2.09005],[97.0934,2.08806],[97.08092,2.08999],[97.07799,2.0866],[97.07887,2.08135],[97.07644,2.07659],[97.08234,2.06715],[97.07898,2.06375],[97.08697,2.06001],[97.09087,2.055],[97.0918,2.04812],[97.09683,2.04157],[97.09797,2.03249],[97.11238,2.01659],[97.11243,2.00768],[97.11463,2.00418],[97.12581,2.00758],[97.12765,2.01053],[97.11822,2.03492],[97.12062,2.04087],[97.12912,2.04949],[97.13569,2.04511],[97.15146,2.05429],[97.15353,2.06412],[97.1625,2.0715],[97.15412,2.07953],[97.15332,2.08717],[97.14748,2.09452],[97.13228,2.10397],[97.1295,2.10843],[97.11322,2.1145]]],[[[97.34639,2.11666],[97.34212,2.1165],[97.34114,2.11441],[97.34617,2.1149],[97.34639,2.11666]]],[[[97.3501,2.12558],[97.34997,2.1252],[97.35032,2.12507],[97.3501,2.12558]]],[[[97.35026,2.13394],[97.34887,2.13099],[97.35285,2.12833],[97.35026,2.13394]]],[[[97.3316,2.16842],[97.33093,2.16891],[97.33156,2.16756],[97.3316,2.16842]]],[[[97.3231,2.18196],[97.32295,2.18249],[97.32278,2.18207],[97.3231,2.18196]]],[[[97.32173,2.18297],[97.32176,2.18316],[97.32143,2.1832],[97.32173,2.18297]]],[[[97.46221,2.18346],[97.46103,2.18452],[97.46332,2.17715],[97.46221,2.18346]]],[[[97.30585,2.18392],[97.30507,2.18475],[97.30521,2.18402],[97.30585,2.18392]]],[[[97.31921,2.18441],[97.32112,2.18667],[97.31726,2.18482],[97.31921,2.18441]]],[[[97.44347,2.18809],[97.44059,2.1903],[97.42872,2.18033],[97.43141,2.17343],[97.43077,2.16447],[97.4421,2.15885],[97.43888,2.16454],[97.43816,2.1807],[97.44347,2.18809]]],[[[98.03753,2.18771],[98.03861,2.19115],[98.03592,2.18972],[98.03753,2.18771]]],[[[97.32929,2.18489],[97.32806,2.19066],[97.32426,2.19114],[97.32711,2.18337],[97.32929,2.18489]]],[[[97.31459,2.19379],[97.30941,2.19421],[97.30956,2.19198],[97.30552,2.19131],[97.30667,2.18409],[97.31131,2.18116],[97.31388,2.18351],[97.31231,2.19069],[97.31855,2.18759],[97.31459,2.19379]]],[[[97.32067,2.20511],[97.31701,2.20791],[97.31569,2.20649],[97.31907,2.1981],[97.32218,2.19855],[97.32914,2.1938],[97.3235,2.20281],[97.32009,2.2015],[97.32067,2.20511]]],[[[97.2117,2.20936],[97.2124,2.20992],[97.21124,2.21052],[97.2117,2.20936]]],[[[97.20857,2.21519],[97.20829,2.21283],[97.21058,2.21263],[97.20857,2.21519]]],[[[97.20754,2.21554],[97.20747,2.21615],[97.20707,2.21623],[97.20754,2.21554]]],[[[97.30247,2.21592],[97.3029,2.21701],[97.30198,2.21617],[97.30247,2.21592]]],[[[97.22482,2.22072],[97.22755,2.22861],[97.22375,2.22251],[97.22482,2.22072]]],[[[97.16885,2.23645],[97.16319,2.23164],[97.16157,2.22413],[97.15283,2.22593],[97.14488,2.22232],[97.13293,2.22617],[97.12028,2.22645],[97.11737,2.21863],[97.11388,2.21846],[97.11272,2.21554],[97.11679,2.2074],[97.12399,2.20029],[97.12863,2.19857],[97.13845,2.20281],[97.1491,2.20075],[97.16032,2.19147],[97.17002,2.18812],[97.17381,2.17867],[97.17735,2.18054],[97.18185,2.17837],[97.19457,2.18515],[97.2098,2.18111],[97.21518,2.17516],[97.21385,2.17071],[97.21796,2.15955],[97.22366,2.15809],[97.22846,2.16405],[97.22844,2.16783],[97.23428,2.16761],[97.23559,2.16597],[97.23167,2.1591],[97.23109,2.15022],[97.24118,2.14839],[97.24559,2.14296],[97.25179,2.14371],[97.25267,2.13862],[97.25484,2.13961],[97.26137,2.1353],[97.26299,2.12849],[97.25789,2.12818],[97.26315,2.12277],[97.25988,2.12007],[97.26542,2.10704],[97.26813,2.10531],[97.27367,2.10713],[97.28554,2.10044],[97.29601,2.08237],[97.30532,2.07497],[97.30689,2.06332],[97.3126,2.06544],[97.31198,2.05899],[97.31755,2.05655],[97.32035,2.05932],[97.32597,2.05448],[97.32951,2.05495],[97.33091,2.06131],[97.33648,2.05969],[97.33816,2.05684],[97.33962,2.06049],[97.34145,2.05397],[97.33858,2.04612],[97.33185,2.04444],[97.3283,2.0401],[97.33119,2.03682],[97.34,2.03466],[97.34631,2.04169],[97.34377,2.05539],[97.3452,2.06088],[97.34908,2.06238],[97.34991,2.06581],[97.3426,2.06542],[97.33981,2.06139],[97.34228,2.06857],[97.34107,2.07606],[97.34224,2.07767],[97.34544,2.07235],[97.34803,2.07671],[97.34586,2.08574],[97.34185,2.08164],[97.34119,2.08657],[97.34853,2.08869],[97.34822,2.0834],[97.35354,2.08137],[97.35269,2.08415],[97.35752,2.08444],[97.35659,2.09],[97.35836,2.09144],[97.35073,2.09356],[97.35752,2.09543],[97.35824,2.0978],[97.35548,2.1041],[97.35171,2.10406],[97.35238,2.10708],[97.3499,2.10444],[97.34644,2.10473],[97.34673,2.10839],[97.3506,2.10903],[97.34975,2.11292],[97.34321,2.11397],[97.33994,2.11179],[97.33461,2.11417],[97.3381,2.1135],[97.33414,2.1181],[97.33738,2.12394],[97.33914,2.12574],[97.34312,2.12422],[97.3446,2.12796],[97.34195,2.13194],[97.3362,2.13083],[97.33835,2.13408],[97.33745,2.13743],[97.3441,2.13734],[97.34261,2.14103],[97.34084,2.13902],[97.33996,2.14252],[97.34124,2.1486],[97.33877,2.16261],[97.33685,2.1631],[97.33724,2.15224],[97.33321,2.15215],[97.33151,2.15454],[97.33382,2.15777],[97.33275,2.16335],[97.32751,2.16164],[97.32265,2.16385],[97.32889,2.16724],[97.33046,2.17245],[97.32628,2.17495],[97.32671,2.17222],[97.32404,2.17229],[97.32398,2.17715],[97.3193,2.17753],[97.31577,2.1695],[97.31452,2.17913],[97.31248,2.17896],[97.31243,2.17465],[97.31061,2.17548],[97.30374,2.18293],[97.30436,2.18901],[97.29787,2.19396],[97.29572,2.19984],[97.29116,2.20064],[97.29187,2.20525],[97.30581,2.20673],[97.30534,2.21031],[97.30147,2.21201],[97.30121,2.22424],[97.29867,2.22938],[97.29452,2.2302],[97.28829,2.2256],[97.28137,2.22467],[97.28052,2.22211],[97.28105,2.22416],[97.2747,2.22482],[97.27492,2.23],[97.27001,2.23245],[97.2622,2.23208],[97.25643,2.23565],[97.25492,2.23311],[97.23578,2.23541],[97.23264,2.23037],[97.22848,2.22984],[97.22509,2.22057],[97.22955,2.21951],[97.23067,2.21661],[97.2253,2.20759],[97.21953,2.20452],[97.21361,2.20937],[97.20833,2.20472],[97.20471,2.21091],[97.20084,2.21193],[97.19516,2.20688],[97.19495,2.20212],[97.19241,2.20401],[97.19212,2.21177],[97.1895,2.2148],[97.19182,2.2181],[97.18749,2.22825],[97.1857,2.22226],[97.18114,2.22204],[97.17857,2.21668],[97.17934,2.23314],[97.16885,2.23645]]],[[[97.27279,2.23688],[97.27281,2.23727],[97.27253,2.23704],[97.27279,2.23688]]],[[[97.26738,2.24095],[97.26761,2.24131],[97.26719,2.24125],[97.26738,2.24095]]],[[[97.21773,2.24179],[97.2138,2.24018],[97.21298,2.23387],[97.2143,2.23239],[97.21594,2.234],[97.21969,2.22504],[97.22305,2.22336],[97.22597,2.22947],[97.22341,2.23652],[97.21773,2.24179]]],[[[97.21085,2.24184],[97.21146,2.24277],[97.21048,2.24252],[97.21085,2.24184]]],[[[97.21023,2.24128],[97.20871,2.24288],[97.2078,2.24247],[97.21023,2.24128]]],[[[97.31265,2.24276],[97.30936,2.24238],[97.30979,2.24043],[97.31588,2.23884],[97.31265,2.24276]]],[[[97.43467,2.24432],[97.43315,2.24304],[97.4364,2.24288],[97.43467,2.24432]]],[[[97.27468,2.24464],[97.27535,2.24288],[97.27719,2.24348],[97.27468,2.24464]]],[[[97.3438,2.24693],[97.34374,2.24825],[97.3428,2.24815],[97.3438,2.24693]]],[[[97.42693,2.24983],[97.42292,2.2459],[97.42426,2.23962],[97.42708,2.23905],[97.42778,2.24622],[97.4314,2.24703],[97.42693,2.24983]]],[[[97.25777,2.24988],[97.25816,2.25144],[97.25738,2.25042],[97.25777,2.24988]]],[[[97.42195,2.2551],[97.42227,2.25531],[97.42198,2.2554],[97.42195,2.2551]]],[[[97.18557,2.25615],[97.18428,2.2568],[97.18649,2.25465],[97.18557,2.25615]]],[[[97.3006,2.25326],[97.29836,2.25743],[97.29735,2.25735],[97.3006,2.25326]]],[[[97.28672,2.25995],[97.28708,2.26048],[97.28627,2.26018],[97.28672,2.25995]]],[[[97.29331,2.25852],[97.2923,2.26259],[97.28997,2.26458],[97.29331,2.25852]]],[[[97.24929,2.25309],[97.24507,2.26523],[97.24608,2.26108],[97.24345,2.2535],[97.24768,2.25036],[97.24929,2.25309]]],[[[97.21026,2.24893],[97.21148,2.25516],[97.20411,2.26545],[97.20292,2.26151],[97.20803,2.25518],[97.20846,2.24874],[97.21026,2.24893]]],[[[97.2442,2.26639],[97.24452,2.26675],[97.24404,2.26703],[97.2442,2.26639]]],[[[97.24376,2.26711],[97.24393,2.26725],[97.24343,2.26753],[97.24376,2.26711]]],[[[97.28348,2.26814],[97.28303,2.269],[97.2833,2.26818],[97.28348,2.26814]]],[[[97.32944,2.26124],[97.32659,2.26928],[97.32585,2.26786],[97.32944,2.26124]]],[[[97.23127,2.2768],[97.23282,2.27868],[97.23094,2.2796],[97.2295,2.2779],[97.23127,2.2768]]],[[[97.34047,2.27969],[97.34116,2.28053],[97.34043,2.28206],[97.34047,2.27969]]],[[[97.26412,2.28554],[97.2601,2.28499],[97.25921,2.28245],[97.26478,2.28157],[97.27787,2.27295],[97.28236,2.27406],[97.28068,2.27817],[97.27111,2.28408],[97.26412,2.28554]]],[[[97.41859,2.26303],[97.4075,2.28619],[97.40883,2.27655],[97.41859,2.26303]]],[[[97.25628,2.27817],[97.25931,2.28094],[97.25751,2.2855],[97.2473,2.29347],[97.25,2.28391],[97.25628,2.27817]]],[[[97.40521,2.29005],[97.40103,2.29712],[97.40088,2.29187],[97.40521,2.29005]]],[[[97.426,2.28566],[97.426,2.2928],[97.42013,2.3021],[97.41999,2.29659],[97.42537,2.28988],[97.42308,2.28548],[97.426,2.28566]]],[[[97.23199,2.30244],[97.2322,2.30311],[97.23179,2.30327],[97.23199,2.30244]]],[[[97.24771,2.30573],[97.24288,2.30538],[97.24234,2.30048],[97.24661,2.29958],[97.24771,2.30573]]],[[[97.3142,2.29197],[97.31571,2.30629],[97.311,2.31018],[97.30806,2.30759],[97.30671,2.29886],[97.3142,2.29197]]],[[[97.40543,2.31344],[97.40395,2.31406],[97.40242,2.3096],[97.40835,2.29525],[97.41065,2.29459],[97.41261,2.29918],[97.40543,2.31344]]],[[[97.22725,2.32401],[97.22622,2.32549],[97.21891,2.31996],[97.22702,2.31809],[97.22725,2.32401]]],[[[97.53345,2.35134],[97.53465,2.3525],[97.53295,2.35217],[97.53345,2.35134]]],[[[97.38118,2.36257],[97.37804,2.35958],[97.38146,2.33699],[97.38742,2.33222],[97.38983,2.33453],[97.38594,2.34204],[97.38693,2.34569],[97.39494,2.34087],[97.40598,2.32831],[97.41147,2.31255],[97.41998,2.30299],[97.41873,2.31798],[97.40962,2.3423],[97.39223,2.35821],[97.38118,2.36257]]],[[[97.56104,2.382],[97.56211,2.38413],[97.56084,2.38261],[97.56104,2.382]]]]}},{"type":"Feature","id":"aceh_tamiang","properties":{"kab_id":"aceh_tamiang","nama":"Aceh Tamiang","tipe":"KAB","kode_bps":"","kode_prov":"11","kantah_id":"KANTAH_ACEH_TAMIANG","status":"BELUM_TARGET","target_minggu_ini":0,"label_lon":98.00781,"label_lat":4.20598,"sort_no":7,"sumber":"BIG_Administrasi_AR_KabKota_50K","source_name":"Aceh Tamiang","source_objectid":873,"note":""},"geometry":{"type":"MultiPolygon","coordinates":[[[[98.28636,4.32569],[98.28615,4.32687],[98.28109,4.32539],[98.28636,4.32569]]],[[[98.28493,4.40174],[98.284,4.39392],[98.28511,4.39514],[98.28592,4.39034],[98.28201,4.39071],[98.28685,4.38905],[98.28493,4.40174]]],[[[98.28294,4.40612],[98.28378,4.41109],[98.2825,4.40783],[98.28294,4.40612]]],[[[98.28327,4.41086],[98.28344,4.41128],[98.28322,4.41102],[98.28327,4.41086]]],[[[98.25284,4.43905],[98.24902,4.439],[98.24983,4.42932],[98.25495,4.43078],[98.25573,4.43597],[98.25284,4.43905]]],[[[98.25071,4.44432],[98.24785,4.44303],[98.24868,4.4399],[98.25501,4.43773],[98.25441,4.42963],[98.26228,4.4221],[98.25975,4.4122],[98.26514,4.41066],[98.27667,4.42278],[98.26296,4.43205],[98.25523,4.4423],[98.25071,4.44432]]],[[[98.11884,4.52317],[98.11358,4.52283],[98.11534,4.52132],[98.11195,4.51899],[98.10608,4.52247],[98.08747,4.52197],[98.08731,4.51652],[98.09125,4.5106],[98.08427,4.50734],[98.07636,4.51039],[98.07622,4.5127],[98.06196,4.51093],[98.06129,4.50607],[98.06663,4.49259],[98.0624,4.48773],[98.06349,4.48293],[98.06139,4.47856],[98.05804,4.47903],[98.04587,4.46369],[98.04232,4.43428],[98.04036,4.42577],[98.03736,4.42305],[98.03825,4.41662],[98.03242,4.41748],[98.02582,4.40827],[98.02554,4.41606],[98.0206,4.4166],[98.01304,4.41101],[98.00239,4.40852],[98.00266,4.40159],[98.00064,4.39977],[97.98684,4.39213],[97.98047,4.39369],[97.97696,4.38571],[97.97079,4.38471],[97.96732,4.37559],[97.96377,4.37555],[97.96386,4.36985],[97.95023,4.37076],[97.94708,4.3669],[97.94259,4.36665],[97.93207,4.3599],[97.90751,4.39026],[97.89521,4.38747],[97.85799,4.38696],[97.8384,4.36983],[97.82049,4.36349],[97.80491,4.36213],[97.78492,4.3565],[97.78375,4.35217],[97.77453,4.34156],[97.76174,4.33596],[97.77239,4.32053],[97.74972,4.29487],[97.73709,4.25762],[97.73255,4.25076],[97.74,4.23337],[97.74103,4.21796],[97.73092,4.20633],[97.72827,4.19945],[97.73339,4.18871],[97.73868,4.14576],[97.7555,4.11824],[97.76189,4.11346],[97.78279,4.10754],[97.79979,4.09325],[97.80548,4.07293],[97.80573,4.05699],[97.8134,4.03992],[97.81008,4.01564],[97.81264,4.00666],[97.82382,4.00132],[97.8411,4.00082],[97.84293,3.9896],[97.85376,3.97473],[97.86139,3.95884],[97.87016,3.94969],[97.87205,3.94304],[97.86875,3.93817],[97.87554,3.92942],[97.88977,3.92926],[97.89559,3.92396],[97.90046,3.91064],[97.91328,3.91411],[97.92845,3.90298],[97.93394,3.89485],[97.94214,3.8975],[97.95007,3.88878],[97.96192,3.89844],[97.98114,3.89754],[97.9856,3.90076],[97.99375,3.90095],[97.99755,3.90493],[98.0078,3.90183],[98.00865,3.90926],[98.0055,3.91404],[98.00806,3.92113],[98.0124,3.92314],[98.01325,3.93042],[98.01028,3.93635],[98.01408,3.9407],[98.01242,3.94258],[98.0138,3.94559],[98.00984,3.94951],[98.01308,3.952],[98.02026,3.95583],[98.03119,3.95136],[98.03647,3.95342],[98.03506,3.94896],[98.04119,3.95338],[98.04244,3.95093],[98.04682,3.95142],[98.04935,3.94635],[98.05442,3.94382],[98.05526,3.94751],[98.05738,3.9465],[98.06253,3.95188],[98.06551,3.95008],[98.06572,3.95402],[98.07435,3.95737],[98.07356,3.95117],[98.0776,3.94937],[98.07653,3.95287],[98.08308,3.9545],[98.07923,3.95978],[98.0807,3.96193],[98.08718,3.96398],[98.08938,3.96893],[98.09371,3.96834],[98.0906,3.97261],[98.0925,3.97789],[98.09582,3.97974],[98.09573,3.98407],[98.09296,3.9891],[98.0872,3.99067],[98.08733,3.99948],[98.07699,4.00756],[98.07326,4.00559],[98.06945,4.00745],[98.06381,4.01372],[98.05852,4.01266],[98.05386,4.01499],[98.04587,4.0227],[98.04763,4.03312],[98.04024,4.04116],[98.04491,4.06442],[98.04523,4.09014],[98.05246,4.10537],[98.05205,4.1141],[98.05696,4.12706],[98.05695,4.13385],[98.07482,4.14517],[98.07138,4.15264],[98.07242,4.1603],[98.06199,4.18513],[98.07467,4.19094],[98.08219,4.1883],[98.08756,4.1898],[98.09162,4.19405],[98.09155,4.20313],[98.09475,4.20859],[98.0922,4.21344],[98.09178,4.22846],[98.07514,4.2361],[98.06954,4.24525],[98.07202,4.2504],[98.08668,4.25544],[98.1073,4.25211],[98.11505,4.25553],[98.14377,4.25977],[98.15192,4.26627],[98.15016,4.26914],[98.15371,4.27379],[98.15239,4.28163],[98.15474,4.28913],[98.17419,4.28983],[98.19094,4.29328],[98.19493,4.29759],[98.19839,4.29532],[98.19879,4.30255],[98.20196,4.29819],[98.21144,4.29868],[98.21025,4.29467],[98.21461,4.28732],[98.21818,4.29061],[98.22259,4.28828],[98.22843,4.29248],[98.22987,4.28548],[98.23786,4.28363],[98.23952,4.29021],[98.24387,4.29399],[98.25459,4.29029],[98.26694,4.31129],[98.26587,4.31477],[98.27087,4.32334],[98.27499,4.3238],[98.27991,4.33069],[98.27725,4.34031],[98.27756,4.34691],[98.28184,4.34949],[98.27742,4.38055],[98.27986,4.38763],[98.2758,4.39044],[98.27619,4.3932],[98.27336,4.39292],[98.27345,4.39581],[98.28091,4.39859],[98.28141,4.40793],[98.28735,4.41737],[98.27932,4.42025],[98.26516,4.40988],[98.25929,4.41088],[98.26208,4.42069],[98.26083,4.42424],[98.25493,4.4289],[98.24916,4.42934],[98.24645,4.44253],[98.24286,4.44021],[98.24416,4.44347],[98.23682,4.44261],[98.23407,4.44513],[98.23743,4.44946],[98.23418,4.46358],[98.20236,4.48008],[98.19365,4.4811],[98.18655,4.47847],[98.18598,4.48389],[98.17839,4.48854],[98.17554,4.49699],[98.16912,4.50239],[98.15174,4.51081],[98.15047,4.50857],[98.14373,4.50897],[98.14264,4.5128],[98.13607,4.51594],[98.13368,4.51356],[98.13288,4.51748],[98.11884,4.52317]]]]}},{"type":"Feature","id":"aceh_tengah","properties":{"kab_id":"aceh_tengah","nama":"Aceh Tengah","tipe":"KAB","kode_bps":"","kode_prov":"11","kantah_id":"KANTAH_ACEH_TENGAH","status":"BELUM_TARGET","target_minggu_ini":0,"label_lon":96.81284,"label_lat":4.56481,"sort_no":8,"sumber":"BIG_Administrasi_AR_KabKota_50K","source_name":"Aceh Tengah","source_objectid":874,"note":""},"geometry":{"type":"Polygon","coordinates":[[[96.62116,4.95252],[96.61646,4.95562],[96.61598,4.9527],[96.61128,4.95222],[96.60938,4.94794],[96.60367,4.94622],[96.60153,4.94015],[96.59843,4.93854],[96.58648,4.93979],[96.57314,4.94768],[96.54076,4.93687],[96.52419,4.91988],[96.5207,4.91107],[96.51115,4.90081],[96.49854,4.8959],[96.49188,4.8895],[96.47218,4.89067],[96.46989,4.89414],[96.46603,4.86858],[96.45623,4.86154],[96.46727,4.84707],[96.47728,4.84473],[96.47297,4.81468],[96.47737,4.80046],[96.47571,4.77486],[96.47043,4.76198],[96.44172,4.7647],[96.39884,4.75999],[96.32746,4.76902],[96.30694,4.76333],[96.29211,4.77221],[96.28797,4.77795],[96.28208,4.7798],[96.27435,4.76262],[96.2736,4.74668],[96.26183,4.73472],[96.26028,4.71238],[96.25747,4.70673],[96.27051,4.69766],[96.31738,4.68851],[96.34654,4.67854],[96.36125,4.67004],[96.38102,4.67588],[96.39497,4.67022],[96.40519,4.67036],[96.42316,4.6535],[96.44007,4.62995],[96.44754,4.62309],[96.46972,4.62369],[96.47821,4.62994],[96.48438,4.63087],[96.4921,4.62459],[96.50305,4.63219],[96.52831,4.6145],[96.54141,4.60134],[96.5588,4.5921],[96.57601,4.57555],[96.60406,4.56715],[96.60948,4.56307],[96.62294,4.5605],[96.63844,4.56142],[96.64617,4.55694],[96.65395,4.54813],[96.65264,4.54312],[96.65566,4.52974],[96.64481,4.52988],[96.62964,4.53466],[96.61857,4.53064],[96.61544,4.52398],[96.61025,4.52198],[96.60557,4.51383],[96.60863,4.5096],[96.60662,4.50272],[96.6117,4.49938],[96.61459,4.50669],[96.62202,4.51419],[96.6271,4.50786],[96.639,4.51016],[96.65945,4.50231],[96.6627,4.49962],[96.66495,4.48992],[96.68258,4.4829],[96.68824,4.47448],[96.68873,4.46978],[96.67049,4.46447],[96.66614,4.4569],[96.65473,4.44939],[96.65001,4.4375],[96.64082,4.42584],[96.63818,4.41648],[96.62795,4.40999],[96.62784,4.4063],[96.68393,4.39417],[96.67903,4.38824],[96.67418,4.38689],[96.6718,4.38187],[96.67623,4.3668],[96.68839,4.36263],[96.69737,4.36545],[96.71894,4.354],[96.71386,4.33607],[96.71891,4.32621],[96.742,4.31338],[96.75849,4.29534],[96.78744,4.28484],[96.79366,4.2804],[96.80321,4.28255],[96.83658,4.2816],[96.85868,4.2496],[96.87645,4.23934],[96.88755,4.22112],[96.90945,4.21463],[96.92811,4.20017],[96.94819,4.19642],[96.97302,4.20018],[96.99311,4.17772],[97.00364,4.17635],[97.00637,4.17883],[97.00876,4.19883],[97.0151,4.20451],[97.06072,4.21934],[97.06697,4.22517],[97.08267,4.23244],[97.09774,4.2331],[97.10954,4.23647],[97.13862,4.26243],[97.15002,4.26623],[97.16202,4.27907],[97.16802,4.27528],[97.17038,4.26936],[97.17747,4.26265],[97.18284,4.26373],[97.1929,4.26],[97.20288,4.25043],[97.2076,4.24188],[97.2159,4.23572],[97.22312,4.22453],[97.22469,4.21496],[97.23152,4.20522],[97.23495,4.18636],[97.23835,4.18308],[97.23694,4.1764],[97.24067,4.17445],[97.25388,4.17401],[97.35888,4.21426],[97.34937,4.25],[97.35586,4.26548],[97.35836,4.34283],[97.36168,4.35674],[97.36798,4.36531],[97.3682,4.38224],[97.36035,4.41497],[97.34658,4.43789],[97.34291,4.49986],[97.31319,4.50848],[97.29003,4.50063],[97.27946,4.51251],[97.27746,4.51963],[97.2814,4.52553],[97.29704,4.5269],[97.31714,4.54857],[97.31249,4.60462],[97.30006,4.60626],[97.24945,4.6005],[97.23225,4.60417],[97.16962,4.57814],[97.14748,4.57913],[97.10219,4.58623],[97.08853,4.59009],[97.07348,4.5979],[97.0508,4.60325],[97.0411,4.60971],[97.03396,4.61822],[97.0207,4.64389],[97.01268,4.64284],[97.00395,4.64594],[96.9198,4.65389],[96.87958,4.6615],[96.87674,4.66843],[96.87027,4.67025],[96.86572,4.66881],[96.85011,4.67183],[96.83806,4.66955],[96.83247,4.67103],[96.82422,4.66805],[96.82008,4.67635],[96.82197,4.68686],[96.81139,4.67977],[96.81023,4.67566],[96.81223,4.67618],[96.80907,4.67283],[96.80453,4.67647],[96.80808,4.68241],[96.80459,4.68423],[96.8033,4.69434],[96.80132,4.68969],[96.79895,4.68986],[96.78743,4.71318],[96.77809,4.71585],[96.76522,4.71404],[96.76278,4.7161],[96.75899,4.71562],[96.75799,4.71313],[96.74684,4.71255],[96.74701,4.71543],[96.74221,4.71941],[96.73964,4.71858],[96.74006,4.72343],[96.73003,4.72472],[96.72995,4.72796],[96.72137,4.73584],[96.71064,4.75261],[96.70254,4.74457],[96.6986,4.7461],[96.69638,4.75024],[96.68372,4.75549],[96.6858,4.76762],[96.69387,4.77019],[96.70151,4.77899],[96.69968,4.8013],[96.70709,4.81237],[96.70567,4.81489],[96.70841,4.81829],[96.70675,4.82393],[96.69443,4.83178],[96.69114,4.8377],[96.69304,4.84372],[96.68648,4.86375],[96.68964,4.87134],[96.68695,4.87755],[96.69055,4.89048],[96.68954,4.90034],[96.68318,4.91215],[96.68225,4.92459],[96.6782,4.92584],[96.67163,4.93825],[96.6759,4.94923],[96.67059,4.95145],[96.66137,4.95098],[96.65893,4.95383],[96.65144,4.95496],[96.64638,4.95472],[96.64721,4.95121],[96.64406,4.9552],[96.62116,4.95252]]]}},{"type":"Feature","id":"aceh_tenggara","properties":{"kab_id":"aceh_tenggara","nama":"Aceh Tenggara","tipe":"KAB","kode_bps":"","kode_prov":"11","kantah_id":"KANTAH_ACEH_TENGGARA","status":"BELUM_TARGET","target_minggu_ini":0,"label_lon":97.61787,"label_lat":3.33885,"sort_no":9,"sumber":"BIG_Administrasi_AR_KabKota_50K","source_name":"Aceh Tenggara","source_objectid":875,"note":""},"geometry":{"type":"Polygon","coordinates":[[[98.02925,3.33075],[98.02223,3.34357],[98.01412,3.34981],[98.00342,3.36894],[97.99564,3.37292],[97.99232,3.37048],[97.97781,3.37178],[97.94798,3.39148],[97.95065,3.41296],[97.93574,3.43412],[97.93355,3.44223],[97.94992,3.47311],[97.9588,3.48324],[97.95118,3.48438],[97.94607,3.48932],[97.93018,3.49248],[97.92118,3.49848],[97.9237,3.51251],[97.91239,3.53415],[97.91239,3.54323],[97.90663,3.55523],[97.89942,3.56009],[97.88629,3.56074],[97.86813,3.57112],[97.86351,3.59746],[97.8717,3.60922],[97.87178,3.61262],[97.85374,3.62684],[97.85398,3.6401],[97.84474,3.66061],[97.8385,3.66864],[97.8265,3.67512],[97.8188,3.69182],[97.80445,3.71136],[97.8005,3.72256],[97.81523,3.73649],[97.82491,3.75057],[97.75993,3.74732],[97.73173,3.73975],[97.69306,3.73443],[97.66159,3.73233],[97.63598,3.73372],[97.63058,3.73165],[97.6249,3.72285],[97.58751,3.71659],[97.57412,3.71164],[97.56375,3.71027],[97.5559,3.71414],[97.54505,3.70998],[97.49906,3.7017],[97.39936,3.68833],[97.35138,3.67593],[97.29346,3.67323],[97.28192,3.67954],[97.26087,3.68275],[97.25082,3.69231],[97.20649,3.69129],[97.22245,3.67743],[97.25962,3.65256],[97.26672,3.6489],[97.27573,3.64911],[97.28177,3.64621],[97.29532,3.60896],[97.29497,3.59524],[97.33041,3.61024],[97.34201,3.61653],[97.34483,3.62161],[97.35055,3.61971],[97.35753,3.62206],[97.3739,3.639],[97.39339,3.63258],[97.39853,3.61792],[97.4035,3.61559],[97.41636,3.61898],[97.42047,3.63225],[97.43509,3.63605],[97.46314,3.61866],[97.4623,3.60468],[97.46953,3.58406],[97.46972,3.57408],[97.47379,3.56554],[97.48417,3.55912],[97.4841,3.54315],[97.48221,3.54116],[97.45728,3.53947],[97.45094,3.53585],[97.3983,3.45044],[97.44035,3.39607],[97.47466,3.32317],[97.47588,3.31833],[97.46647,3.29084],[97.46406,3.26787],[97.47736,3.21697],[97.51685,3.17049],[97.55214,3.14876],[97.57272,3.13036],[97.60385,3.10862],[97.61547,3.09206],[97.64291,3.02989],[97.64233,3.0245],[97.63379,3.01179],[97.63284,2.97626],[97.63725,2.95815],[97.64397,2.9513],[97.75357,2.92712],[97.76477,2.93799],[97.77217,2.96093],[97.78848,2.97197],[97.79819,2.975],[97.80131,2.97286],[97.80487,2.9611],[97.80822,2.96132],[97.81534,2.97038],[97.81478,2.98304],[97.82807,2.99947],[97.83723,3.00327],[97.85364,3.00214],[97.86925,3.00953],[97.89517,3.00869],[97.9167,2.99854],[97.92003,2.99425],[97.92611,2.99468],[97.93097,2.99029],[97.93619,2.9895],[97.94022,2.99265],[97.94742,3.0069],[97.93761,3.02925],[97.9387,3.03658],[97.94377,3.04306],[97.94312,3.04698],[97.9301,3.05472],[97.93645,3.07426],[97.93877,3.0762],[97.94197,3.07276],[97.94992,3.07483],[97.94733,3.06721],[97.95276,3.065],[97.96108,3.06493],[97.9652,3.06942],[97.97054,3.06899],[97.97519,3.07304],[97.97605,3.07799],[97.98091,3.07928],[97.98376,3.08564],[97.98002,3.09943],[97.98218,3.11607],[97.97624,3.13088],[97.97056,3.13845],[97.96742,3.14197],[97.95768,3.14563],[97.95022,3.15958],[97.94237,3.16406],[97.93999,3.17302],[97.94344,3.17535],[97.94064,3.17958],[97.94844,3.18287],[97.94772,3.2008],[97.94245,3.20909],[97.93225,3.21043],[97.92729,3.22608],[97.92401,3.22707],[97.9253,3.23243],[97.92099,3.24141],[97.91116,3.25184],[97.90581,3.25445],[97.90464,3.25812],[97.90756,3.26013],[97.91541,3.25971],[97.91922,3.26349],[97.92806,3.25945],[97.93638,3.26207],[97.93981,3.26657],[97.94318,3.26443],[97.94329,3.26739],[97.95118,3.26897],[97.95458,3.27326],[97.96901,3.27371],[97.97441,3.28169],[97.97856,3.28314],[97.98866,3.29348],[97.9992,3.29776],[98.00985,3.30655],[98.02925,3.33075]]]}},{"type":"Feature","id":"aceh_timur","properties":{"kab_id":"aceh_timur","nama":"Aceh Timur","tipe":"KAB","kode_bps":"","kode_prov":"11","kantah_id":"KANTAH_ACEH_TIMUR","status":"BELUM_TARGET","target_minggu_ini":0,"label_lon":97.63805,"label_lat":4.70243,"sort_no":10,"sumber":"BIG_Administrasi_AR_KabKota_50K","source_name":"Aceh Timur","source_objectid":876,"note":""},"geometry":{"type":"MultiPolygon","coordinates":[[[[98.01775,4.58818],[98.01978,4.59353],[98.01717,4.60019],[98.01775,4.58818]]],[[[98.01515,4.60375],[98.01428,4.60537],[98.01291,4.60424],[98.01515,4.60375]]],[[[98.01778,4.6037],[98.01779,4.60754],[98.01443,4.60518],[98.01778,4.6037]]],[[[98.00043,4.62529],[97.99986,4.61955],[98.00507,4.60603],[98.00312,4.60151],[97.99608,4.59803],[97.99773,4.59115],[98.0054,4.60063],[98.01034,4.60423],[98.01247,4.60297],[98.01805,4.60803],[98.01109,4.61969],[98.00043,4.62529]]],[[[97.96913,4.67969],[97.96912,4.68022],[97.96879,4.67988],[97.96913,4.67969]]],[[[97.96644,4.6814],[97.96648,4.68204],[97.96616,4.68146],[97.96644,4.6814]]],[[[97.96842,4.67981],[97.96736,4.68448],[97.96666,4.68089],[97.96842,4.67981]]],[[[97.9672,4.68595],[97.96733,4.68633],[97.96684,4.68654],[97.9672,4.68595]]],[[[97.96592,4.68982],[97.96488,4.69046],[97.96703,4.68693],[97.96592,4.68982]]],[[[97.96466,4.69053],[97.96469,4.69172],[97.96362,4.69333],[97.96466,4.69053]]],[[[97.96359,4.69364],[97.96204,4.69716],[97.96234,4.69544],[97.96359,4.69364]]],[[[97.96027,4.70422],[97.96046,4.70519],[97.9597,4.7063],[97.96027,4.70422]]],[[[97.95974,4.7039],[97.95905,4.7067],[97.95897,4.70483],[97.95974,4.7039]]],[[[97.96366,4.70372],[97.9611,4.71234],[97.95997,4.70345],[97.96336,4.7004],[97.97128,4.67579],[97.97577,4.66996],[97.96366,4.70372]]],[[[97.4977,5.2492],[97.48434,5.24534],[97.48344,5.23982],[97.48778,5.23148],[97.48849,5.22421],[97.49304,5.21892],[97.49732,5.22134],[97.49529,5.21751],[97.49964,5.21307],[97.49491,5.21153],[97.48957,5.21394],[97.49434,5.2065],[97.48801,5.20916],[97.49094,5.2032],[97.48737,5.20008],[97.49243,5.19762],[97.4962,5.203],[97.50065,5.19565],[97.49784,5.19365],[97.50093,5.18819],[97.49723,5.18864],[97.49204,5.18508],[97.49156,5.18916],[97.48732,5.18805],[97.49049,5.18247],[97.48774,5.18534],[97.48535,5.18209],[97.48716,5.1789],[97.49096,5.17906],[97.48752,5.16855],[97.49058,5.17352],[97.49435,5.17441],[97.49629,5.1713],[97.49918,5.17179],[97.50012,5.16831],[97.4974,5.1679],[97.49881,5.16521],[97.49651,5.16314],[97.4983,5.15848],[97.49088,5.15718],[97.48734,5.16129],[97.48728,5.15104],[97.48246,5.15213],[97.48126,5.14891],[97.47911,5.15139],[97.47534,5.14954],[97.46848,5.15409],[97.46578,5.15354],[97.47,5.15016],[97.46729,5.1455],[97.47001,5.13899],[97.46859,5.13178],[97.47328,5.13176],[97.47781,5.12905],[97.47812,5.12648],[97.47656,5.12423],[97.47008,5.12452],[97.46944,5.11814],[97.46373,5.11842],[97.4596,5.11201],[97.46308,5.10933],[97.46836,5.10966],[97.46631,5.10566],[97.47276,5.10349],[97.46763,5.09652],[97.46818,5.09323],[97.47576,5.0954],[97.47522,5.0999],[97.48184,5.09747],[97.47661,5.09479],[97.48116,5.09029],[97.47731,5.08665],[97.48114,5.08526],[97.48432,5.07844],[97.48811,5.07882],[97.49074,5.08637],[97.49524,5.08586],[97.49683,5.0814],[97.49122,5.07538],[97.49167,5.07189],[97.49636,5.07355],[97.49944,5.07834],[97.4987,5.06852],[97.50371,5.0695],[97.50677,5.06647],[97.51089,5.07625],[97.51189,5.07219],[97.51482,5.07276],[97.51516,5.05699],[97.51324,5.05856],[97.51313,5.06589],[97.51016,5.06565],[97.50628,5.06111],[97.51184,5.056],[97.5135,5.05087],[97.50576,5.05505],[97.49755,5.05078],[97.50554,5.04708],[97.49967,5.04286],[97.50001,5.03828],[97.50322,5.03822],[97.50552,5.0442],[97.50823,5.0442],[97.51452,5.03053],[97.50701,5.02947],[97.50662,5.02281],[97.50324,5.01786],[97.4932,5.01459],[97.49479,5.01095],[97.50166,5.01312],[97.50442,5.01144],[97.50525,5.00537],[97.50163,5.00157],[97.50786,4.99704],[97.50217,4.9918],[97.49692,4.9914],[97.49783,4.98332],[97.49067,4.97889],[97.4925,4.97622],[97.49928,4.9769],[97.49886,4.97152],[97.50145,4.96668],[97.49796,4.96389],[97.49461,4.96825],[97.49182,4.96341],[97.48698,4.96368],[97.48461,4.96134],[97.49579,4.95716],[97.5025,4.96132],[97.50498,4.95885],[97.49903,4.95612],[97.49728,4.94786],[97.49217,4.94799],[97.48742,4.94172],[97.48365,4.94561],[97.47722,4.94117],[97.47586,4.94757],[97.47186,4.94796],[97.47332,4.94191],[97.46731,4.93054],[97.47358,4.92411],[97.46552,4.91698],[97.4674,4.91384],[97.4716,4.92015],[97.47845,4.921],[97.47909,4.91826],[97.47347,4.91843],[97.47347,4.91441],[97.47712,4.91531],[97.47939,4.91161],[97.48753,4.91073],[97.48353,4.90248],[97.48998,4.90722],[97.49264,4.90075],[97.4985,4.89922],[97.49896,4.89582],[97.49251,4.88896],[97.49283,4.88668],[97.5019,4.89275],[97.50622,4.89132],[97.5066,4.88768],[97.50179,4.88845],[97.49533,4.88162],[97.49683,4.87534],[97.50266,4.87901],[97.50641,4.88553],[97.51155,4.88248],[97.50587,4.87666],[97.50215,4.8767],[97.5014,4.8714],[97.4881,4.86684],[97.48859,4.85401],[97.47702,4.83934],[97.47473,4.83975],[97.47364,4.84465],[97.47132,4.83783],[97.46808,4.83789],[97.46967,4.84334],[97.46409,4.83994],[97.4591,4.84661],[97.45251,4.83634],[97.44278,4.83288],[97.44167,4.8291],[97.44994,4.82843],[97.45708,4.82218],[97.45262,4.8191],[97.43544,4.82101],[97.43757,4.81203],[97.43505,4.80875],[97.42962,4.80851],[97.42842,4.80652],[97.43638,4.79389],[97.43522,4.78754],[97.4114,4.78072],[97.40721,4.78364],[97.40869,4.78698],[97.41915,4.78895],[97.41219,4.79671],[97.40566,4.79497],[97.40032,4.76665],[97.40255,4.76414],[97.40981,4.76332],[97.4143,4.76876],[97.41776,4.76889],[97.42254,4.76487],[97.42418,4.75542],[97.41525,4.76017],[97.40443,4.75611],[97.39966,4.76031],[97.38774,4.76115],[97.38655,4.76959],[97.36206,4.76782],[97.36086,4.77014],[97.36605,4.7793],[97.36388,4.78413],[97.35977,4.78274],[97.3549,4.77191],[97.35009,4.77935],[97.33792,4.77887],[97.33531,4.77213],[97.33626,4.76736],[97.3287,4.76159],[97.32436,4.74677],[97.31865,4.73902],[97.32659,4.72243],[97.32818,4.70596],[97.31877,4.69319],[97.30895,4.67081],[97.30149,4.66216],[97.28955,4.65832],[97.27699,4.658],[97.25898,4.66164],[97.25631,4.6492],[97.26187,4.61661],[97.26523,4.6164],[97.27566,4.6285],[97.29641,4.62491],[97.30565,4.62019],[97.31433,4.59762],[97.31714,4.54857],[97.29704,4.5269],[97.28303,4.52608],[97.27944,4.52386],[97.27746,4.51963],[97.27946,4.51251],[97.29003,4.50063],[97.31319,4.50848],[97.34291,4.49986],[97.34658,4.43789],[97.36035,4.41497],[97.3682,4.38224],[97.36798,4.36531],[97.36168,4.35674],[97.35836,4.34283],[97.35586,4.26548],[97.34937,4.25],[97.35888,4.21427],[97.36622,4.20586],[97.42456,4.17426],[97.45796,4.16244],[97.49804,4.15566],[97.50339,4.15789],[97.51266,4.17061],[97.51876,4.18441],[97.53327,4.19087],[97.55416,4.19352],[97.56249,4.1981],[97.58641,4.23351],[97.60255,4.25058],[97.60814,4.25126],[97.61854,4.24551],[97.62383,4.2412],[97.63051,4.22537],[97.64633,4.21993],[97.65652,4.22387],[97.66973,4.2388],[97.6821,4.23874],[97.68699,4.24687],[97.7329,4.24923],[97.74972,4.29487],[97.77239,4.32053],[97.76174,4.33596],[97.77453,4.34156],[97.78375,4.35217],[97.78492,4.3565],[97.80491,4.36213],[97.82049,4.36349],[97.8384,4.36983],[97.85651,4.3868],[97.89521,4.38747],[97.90743,4.39027],[97.91562,4.3787],[97.92829,4.36681],[97.93085,4.36044],[97.93347,4.36011],[97.94259,4.36665],[97.94708,4.3669],[97.95023,4.37076],[97.96386,4.36985],[97.964,4.37601],[97.96732,4.37559],[97.97148,4.38528],[97.97758,4.38632],[97.97987,4.39327],[97.98684,4.39213],[98.00266,4.40159],[97.99988,4.40659],[97.98258,4.41084],[97.98254,4.41934],[97.97195,4.41803],[97.97145,4.42249],[97.96869,4.4242],[97.97161,4.43684],[97.96594,4.44339],[97.94042,4.43613],[97.94045,4.43077],[97.93504,4.42869],[97.92862,4.42052],[97.92287,4.42284],[97.91718,4.41952],[97.91373,4.42086],[97.91517,4.42535],[97.92271,4.4262],[97.92757,4.43575],[97.92597,4.44208],[97.91923,4.44206],[97.9168,4.44665],[97.91774,4.45099],[97.91204,4.45117],[97.91414,4.44769],[97.9093,4.44978],[97.90798,4.44688],[97.9061,4.45013],[97.90858,4.45155],[97.90555,4.45164],[97.90404,4.44764],[97.90184,4.44748],[97.90345,4.44426],[97.90193,4.44354],[97.89217,4.45172],[97.88836,4.44752],[97.88568,4.45131],[97.87653,4.44822],[97.87264,4.45435],[97.8678,4.45482],[97.87017,4.46017],[97.86819,4.47252],[97.87047,4.47525],[97.88279,4.47409],[97.88226,4.47787],[97.89082,4.47826],[97.89059,4.4958],[97.89481,4.50474],[97.91228,4.52259],[97.91679,4.5314],[97.93224,4.53565],[97.93658,4.53456],[97.93543,4.53049],[97.94328,4.52864],[97.94544,4.53093],[97.95124,4.53107],[97.95076,4.53547],[97.95419,4.53691],[97.96519,4.53028],[97.97918,4.54219],[97.98043,4.54648],[97.97467,4.55659],[97.97282,4.55562],[97.97213,4.56117],[97.98039,4.56601],[97.98193,4.57368],[97.98408,4.57016],[97.99006,4.58277],[97.99817,4.58818],[97.99524,4.59752],[97.99267,4.59762],[97.99159,4.60082],[98.0004,4.60397],[98.00213,4.60695],[97.99362,4.61743],[97.99501,4.62082],[97.99176,4.62939],[97.99584,4.63933],[97.98622,4.64291],[97.9804,4.65143],[97.97512,4.65273],[97.97118,4.66269],[97.96297,4.66535],[97.96107,4.67624],[97.96427,4.67796],[97.96666,4.68507],[97.95795,4.70453],[97.96227,4.71558],[97.95993,4.73014],[97.95355,4.73914],[97.95295,4.74581],[97.95788,4.74383],[97.95991,4.73817],[97.96056,4.74137],[97.9509,4.76291],[97.94334,4.77204],[97.94385,4.78016],[97.9401,4.79222],[97.92868,4.81655],[97.90466,4.88293],[97.90367,4.89101],[97.90574,4.89128],[97.90591,4.88864],[97.90719,4.8914],[97.89921,4.89016],[97.89327,4.88572],[97.88917,4.88886],[97.86705,4.89297],[97.84032,4.90718],[97.84072,4.91025],[97.80978,4.93163],[97.78161,4.95665],[97.77925,4.96004],[97.78327,4.96422],[97.77806,4.96122],[97.78234,4.96512],[97.77931,4.96264],[97.77701,4.96369],[97.75943,4.97673],[97.73597,4.9979],[97.73646,4.99971],[97.67525,5.0479],[97.67095,5.0553],[97.64473,5.07564],[97.64633,5.07974],[97.64423,5.08472],[97.65777,5.08083],[97.65352,5.09766],[97.65329,5.11325],[97.64897,5.12],[97.65155,5.11997],[97.65199,5.12324],[97.63726,5.13233],[97.63804,5.13089],[97.63534,5.1316],[97.63381,5.13462],[97.62584,5.12788],[97.6243,5.13094],[97.61023,5.13297],[97.591,5.14374],[97.59317,5.14629],[97.57871,5.16554],[97.57274,5.16891],[97.56631,5.18142],[97.56702,5.18491],[97.54727,5.20396],[97.54395,5.20453],[97.54508,5.20903],[97.55397,5.2103],[97.55336,5.21231],[97.52102,5.2371],[97.4977,5.2492]]]]}},{"type":"Feature","id":"aceh_utara","properties":{"kab_id":"aceh_utara","nama":"Aceh Utara","tipe":"KAB","kode_bps":"","kode_prov":"11","kantah_id":"KANTAH_ACEH_UTARA","status":"BELUM_TARGET","target_minggu_ini":0,"label_lon":97.15149,"label_lat":4.99991,"sort_no":11,"sumber":"BIG_Administrasi_AR_KabKota_50K","source_name":"Aceh Utara","source_objectid":877,"note":""},"geometry":{"type":"Polygon","coordinates":[[[96.97708,5.26266],[96.95416,5.26029],[96.91578,5.2507],[96.91276,5.2508],[96.9129,5.254],[96.91271,5.25081],[96.90978,5.25207],[96.91248,5.2551],[96.90752,5.25111],[96.91219,5.24747],[96.90615,5.24369],[96.91015,5.2428],[96.90814,5.23583],[96.91161,5.2349],[96.91466,5.22551],[96.91289,5.22296],[96.9097,5.22523],[96.90816,5.22151],[96.91695,5.22264],[96.91633,5.21823],[96.91101,5.21505],[96.91693,5.21739],[96.9163,5.21301],[96.92179,5.20996],[96.92462,5.21299],[96.92516,5.21066],[96.91631,5.20647],[96.91788,5.20111],[96.91111,5.19627],[96.91112,5.18798],[96.90599,5.18909],[96.90307,5.18072],[96.89993,5.18119],[96.89969,5.17915],[96.89471,5.18109],[96.8914,5.17896],[96.89043,5.1681],[96.89362,5.16341],[96.89024,5.15798],[96.89122,5.15186],[96.87805,5.13661],[96.87568,5.11723],[96.86671,5.11205],[96.85955,5.10272],[96.85361,5.101],[96.8448,5.09219],[96.83639,5.09174],[96.83359,5.08884],[96.83278,5.08186],[96.83802,5.06905],[96.83802,5.06193],[96.83717,5.05886],[96.82769,5.05142],[96.82018,5.03812],[96.81847,5.02408],[96.82067,5.01754],[96.81772,5.00936],[96.82136,5.00098],[96.821,4.99538],[96.81302,4.97574],[96.79741,4.95029],[96.78651,4.94001],[96.78826,4.93784],[96.82727,4.91064],[96.83503,4.89937],[96.84438,4.89813],[96.84241,4.89184],[96.84619,4.88213],[96.87701,4.87362],[96.89833,4.87601],[96.91257,4.87411],[96.94217,4.86538],[96.95535,4.85882],[97.0014,4.86497],[97.00262,4.88028],[97.00718,4.88512],[97.01052,4.90372],[97.02128,4.91248],[97.04646,4.90539],[97.05503,4.9093],[97.07328,4.90765],[97.07961,4.90977],[97.08667,4.90238],[97.08822,4.9047],[97.0936,4.90588],[97.09395,4.90316],[97.09653,4.90477],[97.10128,4.8985],[97.10519,4.90014],[97.10632,4.90333],[97.11186,4.90052],[97.11448,4.90729],[97.12102,4.90955],[97.1295,4.90984],[97.13164,4.91225],[97.14559,4.91029],[97.16691,4.90046],[97.24267,4.87353],[97.2535,4.86184],[97.26952,4.83725],[97.28018,4.8264],[97.28208,4.81631],[97.27999,4.80756],[97.26895,4.78643],[97.25943,4.7771],[97.25216,4.75803],[97.26923,4.75345],[97.2733,4.75673],[97.29543,4.7416],[97.31861,4.73715],[97.32436,4.74677],[97.3287,4.76159],[97.33626,4.76736],[97.33531,4.77213],[97.33775,4.77871],[97.35009,4.77935],[97.3549,4.77191],[97.35977,4.78274],[97.3632,4.78424],[97.36611,4.77985],[97.36086,4.77014],[97.36206,4.76782],[97.38655,4.76959],[97.38774,4.76115],[97.39966,4.76031],[97.40443,4.75611],[97.41525,4.76017],[97.42418,4.75542],[97.42254,4.76487],[97.41776,4.76889],[97.4143,4.76876],[97.40981,4.76332],[97.40255,4.76414],[97.40032,4.76665],[97.40566,4.79497],[97.41219,4.79671],[97.41915,4.78895],[97.40869,4.78698],[97.40721,4.78364],[97.4114,4.78072],[97.43522,4.78754],[97.43638,4.79389],[97.42842,4.80652],[97.42962,4.80851],[97.43505,4.80875],[97.43757,4.81203],[97.43544,4.82101],[97.45262,4.8191],[97.45708,4.82218],[97.44994,4.82843],[97.44167,4.8291],[97.44278,4.83288],[97.45251,4.83634],[97.4591,4.84661],[97.46409,4.83994],[97.46967,4.84334],[97.46808,4.83789],[97.47132,4.83783],[97.47364,4.84465],[97.47473,4.83975],[97.47702,4.83934],[97.48859,4.85401],[97.4881,4.86684],[97.5014,4.8714],[97.50215,4.8767],[97.50587,4.87666],[97.51171,4.88308],[97.50641,4.88553],[97.50266,4.87901],[97.49683,4.87534],[97.49533,4.88162],[97.50179,4.88845],[97.5066,4.88768],[97.50622,4.89132],[97.5019,4.89275],[97.49576,4.887],[97.49248,4.88701],[97.49896,4.89834],[97.49264,4.90075],[97.48998,4.90722],[97.48353,4.90248],[97.48753,4.91073],[97.47939,4.91161],[97.47712,4.91531],[97.47347,4.91441],[97.47347,4.91843],[97.47909,4.91826],[97.47845,4.921],[97.4716,4.92015],[97.4674,4.91384],[97.46557,4.91586],[97.46736,4.91994],[97.47358,4.92411],[97.46731,4.93054],[97.47332,4.94191],[97.47186,4.94796],[97.47586,4.94757],[97.47722,4.94117],[97.48365,4.94561],[97.48742,4.94172],[97.49217,4.94799],[97.49728,4.94786],[97.49903,4.95612],[97.50498,4.95885],[97.5025,4.96132],[97.49579,4.95716],[97.48461,4.96134],[97.48698,4.96368],[97.49182,4.96341],[97.49461,4.96825],[97.49796,4.96389],[97.50145,4.96668],[97.49886,4.97152],[97.49928,4.9769],[97.4925,4.97622],[97.49067,4.97889],[97.49783,4.98332],[97.49692,4.9914],[97.50217,4.9918],[97.50786,4.99704],[97.50163,5.00157],[97.50525,5.00537],[97.50442,5.01144],[97.50166,5.01312],[97.49479,5.01095],[97.4932,5.01459],[97.50324,5.01786],[97.50662,5.02281],[97.50701,5.02947],[97.51452,5.03053],[97.50823,5.0442],[97.50552,5.0442],[97.50322,5.03822],[97.50001,5.03828],[97.49967,5.04286],[97.50554,5.04708],[97.49755,5.05078],[97.50576,5.05505],[97.5135,5.05087],[97.51184,5.056],[97.50628,5.06111],[97.51016,5.06565],[97.51427,5.06465],[97.51382,5.05751],[97.51647,5.06046],[97.51495,5.07249],[97.51177,5.0723],[97.51152,5.07622],[97.509,5.07461],[97.50677,5.06647],[97.50371,5.0695],[97.49837,5.06876],[97.49999,5.07833],[97.49636,5.07355],[97.49167,5.07189],[97.49122,5.07538],[97.49683,5.0814],[97.49524,5.08586],[97.49074,5.08637],[97.48811,5.07882],[97.48432,5.07844],[97.48114,5.08526],[97.47731,5.08665],[97.48116,5.09029],[97.47661,5.09479],[97.48184,5.09747],[97.47522,5.0999],[97.47576,5.0954],[97.46818,5.09323],[97.46763,5.09652],[97.47276,5.10349],[97.46631,5.10566],[97.46836,5.10966],[97.46308,5.10933],[97.4596,5.11201],[97.46373,5.11842],[97.46944,5.11814],[97.47008,5.12452],[97.47656,5.12423],[97.47812,5.12648],[97.47781,5.12905],[97.47328,5.13176],[97.46859,5.13178],[97.47001,5.13899],[97.46729,5.1455],[97.47,5.15016],[97.46578,5.15354],[97.46848,5.15409],[97.47565,5.14949],[97.47874,5.15143],[97.48126,5.14891],[97.48292,5.15225],[97.48691,5.15065],[97.48707,5.16093],[97.48901,5.16131],[97.49088,5.15718],[97.4983,5.15848],[97.49732,5.16767],[97.50017,5.1685],[97.49911,5.17187],[97.49629,5.1713],[97.49402,5.17443],[97.48947,5.1729],[97.48712,5.16908],[97.49097,5.17897],[97.48546,5.18105],[97.48774,5.18534],[97.49049,5.18247],[97.48724,5.18797],[97.49156,5.18916],[97.49204,5.18508],[97.50108,5.18906],[97.49784,5.19365],[97.50065,5.19565],[97.4962,5.203],[97.49243,5.19762],[97.4874,5.19979],[97.49094,5.2032],[97.48801,5.20916],[97.49434,5.2065],[97.48957,5.21394],[97.49491,5.21153],[97.49964,5.21307],[97.49529,5.21751],[97.49732,5.22134],[97.49304,5.21892],[97.48849,5.22421],[97.48358,5.24312],[97.39743,5.21318],[97.36738,5.20035],[97.3659,5.20161],[97.36561,5.19926],[97.32748,5.18965],[97.30662,5.18094],[97.30446,5.18306],[97.30423,5.18078],[97.28813,5.17185],[97.2763,5.16953],[97.27032,5.16522],[97.26744,5.16805],[97.24158,5.15446],[97.22752,5.15076],[97.23105,5.15512],[97.22696,5.1555],[97.22709,5.15273],[97.20214,5.14183],[97.17625,5.14212],[97.17877,5.13965],[97.17693,5.13136],[97.17497,5.13119],[97.17669,5.12971],[97.17685,5.12427],[97.17459,5.12256],[97.17669,5.11748],[97.17247,5.10205],[97.1768,5.09275],[97.17774,5.08365],[97.17471,5.0819],[97.16777,5.08433],[97.15975,5.08135],[97.15639,5.08577],[97.15245,5.08027],[97.15373,5.08648],[97.14651,5.09204],[97.14178,5.0893],[97.13575,5.09169],[97.13064,5.0909],[97.12052,5.1013],[97.12199,5.10519],[97.1129,5.1084],[97.11083,5.11245],[97.10108,5.11352],[97.1064,5.11459],[97.10867,5.12866],[97.10238,5.13469],[97.1011,5.13319],[97.0911,5.13871],[97.08451,5.14508],[97.0839,5.15174],[97.09027,5.16803],[97.08816,5.17072],[97.08151,5.17343],[97.07136,5.16542],[97.06707,5.16634],[97.0655,5.16207],[97.06451,5.17028],[97.05797,5.17243],[97.06091,5.17819],[97.05467,5.18786],[97.05179,5.18885],[97.05142,5.19633],[97.04863,5.19901],[97.02657,5.19736],[97.0312,5.20458],[97.02624,5.20893],[97.03867,5.21572],[97.03493,5.21931],[97.03779,5.22361],[97.03665,5.2291],[97.04603,5.24257],[97.03601,5.24687],[97.03651,5.24942],[97.03496,5.24656],[97.04038,5.244],[97.03815,5.24086],[97.04111,5.24016],[97.03886,5.23771],[97.03299,5.23963],[97.03341,5.24152],[97.02875,5.24432],[97.02984,5.24776],[97.03262,5.24687],[97.03303,5.25047],[96.99615,5.2601],[96.97708,5.26266]]]}},{"type":"Feature","id":"bener_meriah","properties":{"kab_id":"bener_meriah","nama":"Bener Meriah","tipe":"KAB","kode_bps":"","kode_prov":"11","kantah_id":"KANTAH_BENER_MERIAH","status":"BELUM_TARGET","target_minggu_ini":0,"label_lon":96.95091,"label_lat":4.77545,"sort_no":12,"sumber":"BIG_Administrasi_AR_KabKota_50K","source_name":"Bener Meriah","source_objectid":732,"note":""},"geometry":{"type":"Polygon","coordinates":[[[97.31249,4.60462],[97.30448,4.62161],[97.29127,4.62632],[97.27565,4.6285],[97.26523,4.6164],[97.26121,4.61771],[97.25636,4.64621],[97.25856,4.66119],[97.28031,4.65794],[97.30149,4.66216],[97.31011,4.67287],[97.31877,4.69319],[97.32763,4.70396],[97.32869,4.71167],[97.32607,4.72415],[97.31962,4.73667],[97.29543,4.7416],[97.2733,4.75673],[97.26923,4.75345],[97.25216,4.75803],[97.25943,4.7771],[97.26895,4.78643],[97.27999,4.80756],[97.28208,4.81631],[97.28018,4.8264],[97.26952,4.83725],[97.2535,4.86184],[97.24267,4.87353],[97.13871,4.91191],[97.11722,4.90846],[97.11419,4.90691],[97.11186,4.90052],[97.10632,4.90333],[97.10519,4.90014],[97.10128,4.8985],[97.09653,4.90477],[97.09395,4.90316],[97.0936,4.90588],[97.08822,4.9047],[97.08667,4.90238],[97.07961,4.90977],[97.07328,4.90765],[97.05503,4.9093],[97.04646,4.90539],[97.0224,4.91274],[97.01264,4.90725],[97.01052,4.90372],[97.00718,4.88512],[97.00262,4.88028],[97.0014,4.86497],[96.95535,4.85882],[96.94217,4.86538],[96.91257,4.87411],[96.89833,4.87601],[96.87701,4.87362],[96.84619,4.88213],[96.84241,4.89184],[96.84438,4.89813],[96.83503,4.89937],[96.82727,4.91064],[96.78826,4.93784],[96.77871,4.95153],[96.76898,4.95136],[96.76147,4.95892],[96.74601,4.96598],[96.71237,4.96442],[96.7052,4.96618],[96.69965,4.97276],[96.69587,4.96946],[96.68326,4.96856],[96.68441,4.97145],[96.682,4.97203],[96.68059,4.96485],[96.66624,4.96034],[96.62959,4.96866],[96.61147,4.96365],[96.60515,4.95653],[96.58769,4.94888],[96.57314,4.94768],[96.58648,4.93979],[96.59843,4.93854],[96.60153,4.94015],[96.60367,4.94622],[96.60938,4.94794],[96.61128,4.95222],[96.61598,4.9527],[96.61646,4.95562],[96.62312,4.95169],[96.64406,4.9552],[96.64721,4.95121],[96.64638,4.95472],[96.65144,4.95496],[96.65893,4.95383],[96.66137,4.95098],[96.67583,4.94945],[96.67163,4.93825],[96.6782,4.92584],[96.68225,4.92459],[96.68318,4.91215],[96.68954,4.90034],[96.69055,4.89048],[96.68695,4.87755],[96.68964,4.87134],[96.68648,4.86375],[96.69304,4.84372],[96.69114,4.8377],[96.69443,4.83178],[96.70675,4.82393],[96.70841,4.81829],[96.70567,4.81489],[96.70709,4.81237],[96.69968,4.8013],[96.70151,4.77899],[96.69387,4.77019],[96.6858,4.76762],[96.68598,4.76008],[96.68362,4.75569],[96.69638,4.75024],[96.70225,4.7446],[96.71064,4.75261],[96.72137,4.73584],[96.72995,4.72796],[96.73003,4.72472],[96.74006,4.72343],[96.73964,4.71858],[96.74221,4.71941],[96.74701,4.71543],[96.74684,4.71255],[96.75799,4.71313],[96.75899,4.71562],[96.76278,4.7161],[96.76522,4.71404],[96.77809,4.71585],[96.78743,4.71318],[96.79895,4.68986],[96.80132,4.68969],[96.8033,4.69434],[96.80459,4.68423],[96.80808,4.68241],[96.80453,4.67647],[96.80907,4.67283],[96.81223,4.67618],[96.81023,4.67566],[96.81139,4.67977],[96.82197,4.68686],[96.82008,4.67635],[96.82422,4.66805],[96.83247,4.67103],[96.83806,4.66955],[96.85011,4.67183],[96.86572,4.66881],[96.87027,4.67025],[96.87674,4.66843],[96.87958,4.6615],[96.9198,4.65389],[97.00395,4.64594],[97.01268,4.64284],[97.0207,4.64389],[97.03396,4.61822],[97.0411,4.60971],[97.0508,4.60325],[97.07348,4.5979],[97.08853,4.59009],[97.10219,4.58623],[97.14748,4.57913],[97.16962,4.57814],[97.23225,4.60417],[97.24945,4.6005],[97.30006,4.60626],[97.31249,4.60462]]]}},{"type":"Feature","id":"bireuen","properties":{"kab_id":"bireuen","nama":"Bireuen","tipe":"KAB","kode_bps":"","kode_prov":"11","kantah_id":"KANTAH_BIREUEN","status":"BELUM_TARGET","target_minggu_ini":0,"label_lon":96.62618,"label_lat":5.08284,"sort_no":13,"sumber":"BIG_Administrasi_AR_KabKota_50K","source_name":"Bireuen","source_objectid":738,"note":""},"geometry":{"type":"Polygon","coordinates":[[[96.84891,5.27643],[96.81267,5.27159],[96.78841,5.26078],[96.78596,5.26019],[96.78581,5.26277],[96.77849,5.25814],[96.74728,5.25079],[96.73497,5.24862],[96.73331,5.25093],[96.73203,5.24926],[96.73241,5.25131],[96.66582,5.22146],[96.65241,5.21736],[96.6509,5.21889],[96.64066,5.21415],[96.60297,5.20986],[96.58141,5.2105],[96.57971,5.21355],[96.58012,5.21109],[96.5681,5.20561],[96.53315,5.19852],[96.5254,5.19857],[96.52464,5.20147],[96.52347,5.19903],[96.50894,5.19983],[96.49621,5.2043],[96.49679,5.20593],[96.49609,5.20441],[96.48902,5.20677],[96.48033,5.21326],[96.47689,5.22592],[96.46606,5.23694],[96.42935,5.21867],[96.39766,5.20958],[96.3855,5.21124],[96.37107,5.21645],[96.37032,5.21893],[96.36267,5.21892],[96.34327,5.22649],[96.34,5.21924],[96.34217,5.20496],[96.33513,5.18486],[96.33499,5.15054],[96.33785,5.13954],[96.34819,5.12605],[96.34566,5.12416],[96.34723,5.1193],[96.3458,5.11043],[96.34937,5.1077],[96.34959,5.10228],[96.35523,5.09209],[96.35304,5.08542],[96.34827,5.08136],[96.35021,5.06866],[96.36013,5.06053],[96.36482,5.04636],[96.36365,5.03401],[96.34621,5.01544],[96.34712,4.9953],[96.34473,4.98992],[96.32714,4.96795],[96.32731,4.9624],[96.33427,4.95087],[96.34365,4.94365],[96.35652,4.94429],[96.36719,4.94101],[96.37115,4.93791],[96.37294,4.93173],[96.37661,4.93037],[96.40251,4.94108],[96.42473,4.94044],[96.43458,4.9374],[96.46376,4.9142],[96.47091,4.89131],[96.48072,4.88924],[96.49188,4.8895],[96.49719,4.89507],[96.51592,4.90462],[96.52419,4.91988],[96.53871,4.93596],[96.57314,4.94768],[96.58769,4.94888],[96.60515,4.95653],[96.61147,4.96365],[96.6277,4.96846],[96.64678,4.96604],[96.66624,4.96034],[96.68059,4.96485],[96.682,4.97203],[96.68441,4.97145],[96.68326,4.96856],[96.69587,4.96946],[96.69965,4.97276],[96.7052,4.96618],[96.71237,4.96442],[96.74601,4.96598],[96.76147,4.95892],[96.76898,4.95136],[96.77871,4.95153],[96.78653,4.94002],[96.80188,4.95697],[96.81302,4.97574],[96.821,4.99538],[96.82136,5.00098],[96.81772,5.00936],[96.82067,5.01754],[96.81847,5.02408],[96.82018,5.03812],[96.82769,5.05142],[96.83717,5.05886],[96.83802,5.06193],[96.83802,5.06905],[96.83278,5.08186],[96.83359,5.08884],[96.83639,5.09174],[96.8448,5.09219],[96.85361,5.101],[96.85955,5.10272],[96.86671,5.11205],[96.87568,5.11723],[96.87805,5.13661],[96.89122,5.15186],[96.89024,5.15798],[96.89362,5.16341],[96.89043,5.1681],[96.8914,5.17896],[96.89471,5.18109],[96.89969,5.17915],[96.89993,5.18119],[96.90307,5.18072],[96.90599,5.18909],[96.91112,5.18798],[96.91111,5.19627],[96.91788,5.20111],[96.91631,5.20647],[96.92523,5.21095],[96.92434,5.21306],[96.92179,5.20996],[96.9163,5.21301],[96.91693,5.21739],[96.91115,5.21485],[96.91155,5.21698],[96.91633,5.21823],[96.91695,5.22264],[96.90816,5.22151],[96.9097,5.22523],[96.91289,5.22296],[96.91464,5.22467],[96.91161,5.2349],[96.90814,5.23583],[96.91015,5.2428],[96.90615,5.24369],[96.90734,5.24592],[96.91152,5.24575],[96.9116,5.24831],[96.90752,5.25111],[96.89148,5.24753],[96.87961,5.24891],[96.87275,5.25559],[96.86475,5.27136],[96.85811,5.27297],[96.86101,5.2751],[96.84891,5.27643]]]}},{"type":"Feature","id":"gayo_lues","properties":{"kab_id":"gayo_lues","nama":"Gayo Lues","tipe":"KAB","kode_bps":"","kode_prov":"11","kantah_id":"KANTAH_GAYO_LUES","status":"BELUM_TARGET","target_minggu_ini":0,"label_lon":97.319,"label_lat":3.97771,"sort_no":14,"sumber":"BIG_Administrasi_AR_KabKota_50K","source_name":"Gayo Lues","source_objectid":744,"note":""},"geometry":{"type":"Polygon","coordinates":[[[97.35888,4.21426],[97.25388,4.17401],[97.24067,4.17445],[97.23694,4.1764],[97.23835,4.18308],[97.23495,4.18636],[97.23152,4.20522],[97.22469,4.21496],[97.22312,4.22453],[97.2159,4.23572],[97.2076,4.24188],[97.20288,4.25043],[97.1929,4.26],[97.18284,4.26373],[97.17747,4.26265],[97.17038,4.26936],[97.16802,4.27528],[97.16202,4.27907],[97.15002,4.26623],[97.13862,4.26243],[97.10954,4.23647],[97.09774,4.2331],[97.08267,4.23244],[97.06697,4.22517],[97.06072,4.21934],[97.0151,4.20451],[97.00876,4.19883],[97.00597,4.17775],[96.99918,4.17586],[96.99311,4.17772],[96.97302,4.20018],[96.94819,4.19642],[96.92998,4.19965],[96.90945,4.21463],[96.88755,4.22112],[96.87645,4.23934],[96.85868,4.2496],[96.83658,4.2816],[96.79981,4.28218],[96.79366,4.2804],[96.79931,4.26479],[96.78978,4.2444],[96.79568,4.2207],[96.79356,4.20311],[96.77427,4.18034],[96.74899,4.1604],[96.74499,4.15049],[96.73211,4.13556],[96.71608,4.09748],[96.7253,4.09304],[96.73245,4.09403],[96.73671,4.08943],[96.74453,4.09265],[96.74645,4.08359],[96.75175,4.08615],[96.76116,4.07488],[96.79069,4.05158],[96.79979,4.03437],[96.80379,4.00685],[96.79848,3.99961],[96.80993,3.98018],[96.83827,3.95443],[96.86974,3.9481],[96.98393,3.93724],[96.99481,3.93852],[97.00922,3.95006],[97.01806,3.95406],[97.04614,3.95838],[97.06785,3.95533],[97.07938,3.9482],[97.10095,3.94525],[97.10899,3.9404],[97.11719,3.92651],[97.11948,3.916],[97.11529,3.89865],[97.10869,3.8875],[97.11161,3.88025],[97.10846,3.87232],[97.11511,3.86635],[97.10818,3.85428],[97.11159,3.83287],[97.14434,3.76754],[97.14894,3.7494],[97.15441,3.7415],[97.18671,3.71406],[97.20649,3.69129],[97.25082,3.69231],[97.26087,3.68275],[97.28192,3.67954],[97.29346,3.67323],[97.35138,3.67593],[97.39936,3.68833],[97.49906,3.7017],[97.54505,3.70998],[97.5559,3.71414],[97.56375,3.71027],[97.57412,3.71164],[97.58751,3.71659],[97.6249,3.72285],[97.63058,3.73165],[97.63598,3.73372],[97.66159,3.73233],[97.69306,3.73443],[97.73173,3.73975],[97.75993,3.74732],[97.82491,3.75057],[97.83947,3.76752],[97.84936,3.77441],[97.85601,3.7753],[97.86128,3.78479],[97.87012,3.78763],[97.89517,3.80716],[97.9006,3.81754],[97.9087,3.81843],[97.91016,3.825],[97.92192,3.84591],[97.91494,3.85191],[97.91535,3.86002],[97.90878,3.86893],[97.90951,3.87809],[97.90238,3.88547],[97.90046,3.91064],[97.89559,3.92396],[97.88977,3.92926],[97.87554,3.92942],[97.86875,3.93817],[97.87205,3.94304],[97.87016,3.94969],[97.86139,3.95884],[97.85376,3.97473],[97.84293,3.9896],[97.8411,4.00082],[97.82382,4.00132],[97.81264,4.00666],[97.81008,4.01564],[97.8134,4.03992],[97.80573,4.05699],[97.80548,4.07293],[97.79979,4.09325],[97.78279,4.10754],[97.76189,4.11346],[97.7555,4.11824],[97.73868,4.14576],[97.73339,4.18871],[97.72827,4.19945],[97.73092,4.20633],[97.74103,4.21796],[97.74,4.23337],[97.7329,4.24923],[97.68699,4.24687],[97.6821,4.23874],[97.66973,4.2388],[97.65652,4.22387],[97.64633,4.21993],[97.63051,4.22537],[97.62383,4.2412],[97.61854,4.24551],[97.60814,4.25126],[97.60255,4.25058],[97.58641,4.23351],[97.56249,4.1981],[97.55416,4.19352],[97.53327,4.19087],[97.51876,4.18441],[97.51266,4.17061],[97.50339,4.15789],[97.49882,4.15569],[97.45796,4.16244],[97.42456,4.17426],[97.36622,4.20586],[97.35888,4.21426]]]}},{"type":"Feature","id":"nagan_raya","properties":{"kab_id":"nagan_raya","nama":"Nagan Raya","tipe":"KAB","kode_bps":"","kode_prov":"11","kantah_id":"KANTAH_NAGAN_RAYA","status":"BELUM_TARGET","target_minggu_ini":0,"label_lon":96.49447,"label_lat":4.18144,"sort_no":15,"sumber":"BIG_Administrasi_AR_KabKota_50K","source_name":"Nagan Raya","source_objectid":777,"note":""},"geometry":{"type":"Polygon","coordinates":[[[96.51372,4.6246],[96.50285,4.63222],[96.49007,4.62476],[96.49366,4.61857],[96.49568,4.60067],[96.49033,4.5871],[96.49639,4.56188],[96.49211,4.55498],[96.49223,4.54772],[96.48515,4.54451],[96.47284,4.54534],[96.45672,4.53142],[96.44333,4.52784],[96.4523,4.51749],[96.45925,4.50114],[96.48413,4.50008],[96.48064,4.49058],[96.48549,4.47381],[96.48221,4.4611],[96.4625,4.44618],[96.45601,4.43704],[96.43766,4.42505],[96.41696,4.41963],[96.37209,4.41792],[96.36933,4.41103],[96.36998,4.39774],[96.36548,4.3963],[96.36401,4.39271],[96.35634,4.38873],[96.35046,4.38983],[96.34719,4.39402],[96.34522,4.38972],[96.3323,4.39078],[96.33167,4.38432],[96.34292,4.38323],[96.34107,4.37695],[96.33001,4.36759],[96.32018,4.36766],[96.32072,4.35735],[96.31394,4.35853],[96.30489,4.34996],[96.31214,4.34328],[96.31127,4.33761],[96.29992,4.32961],[96.30028,4.32311],[96.29512,4.31748],[96.29086,4.31812],[96.27869,4.30766],[96.27225,4.29665],[96.27504,4.29237],[96.2733,4.28625],[96.25883,4.2739],[96.25849,4.24795],[96.25201,4.24426],[96.25557,4.24153],[96.255,4.23814],[96.25957,4.23092],[96.26449,4.22946],[96.26891,4.21198],[96.27348,4.20728],[96.26844,4.20323],[96.26801,4.19883],[96.27296,4.1883],[96.27668,4.18831],[96.27911,4.18402],[96.27128,4.16886],[96.27357,4.16671],[96.27171,4.16309],[96.27292,4.15609],[96.27566,4.15315],[96.26907,4.14836],[96.26795,4.14392],[96.25823,4.14708],[96.25708,4.13648],[96.24979,4.1397],[96.24873,4.14319],[96.2428,4.14113],[96.23837,4.14393],[96.23425,4.13291],[96.24334,4.12949],[96.23549,4.12138],[96.21486,4.11068],[96.21372,4.11362],[96.20405,4.11031],[96.20017,4.11548],[96.18968,4.10693],[96.19201,4.09916],[96.19356,4.10415],[96.19438,4.09969],[96.19669,4.09967],[96.22737,4.06646],[96.24886,4.03796],[96.28688,3.99517],[96.37544,3.8653],[96.38306,3.84968],[96.38598,3.84965],[96.38606,3.8472],[96.40164,3.83547],[96.45848,3.78108],[96.50258,3.74621],[96.52904,3.73262],[96.54861,3.73066],[96.5762,3.73424],[96.61296,3.73539],[96.62,3.73705],[96.62459,3.74294],[96.62011,3.7499],[96.61481,3.75048],[96.61664,3.75356],[96.61971,3.75198],[96.61985,3.75917],[96.61651,3.75991],[96.61935,3.76258],[96.61517,3.7631],[96.61748,3.76587],[96.60966,3.76779],[96.61165,3.76899],[96.60984,3.77119],[96.60664,3.76911],[96.60856,3.77328],[96.60635,3.77288],[96.61026,3.77485],[96.60839,3.77732],[96.61056,3.78199],[96.61222,3.77876],[96.61864,3.78566],[96.61989,3.79033],[96.61364,3.79557],[96.61614,3.79619],[96.61552,3.79929],[96.61177,3.79819],[96.6144,3.80019],[96.61254,3.80179],[96.61299,3.81005],[96.6089,3.81038],[96.60792,3.81425],[96.61068,3.81783],[96.6039,3.81798],[96.60432,3.82499],[96.59932,3.82348],[96.60077,3.82593],[96.59141,3.83033],[96.59073,3.8346],[96.58676,3.83158],[96.58444,3.83792],[96.58929,3.83868],[96.58478,3.84182],[96.58573,3.84478],[96.58984,3.84501],[96.58863,3.85052],[96.59191,3.85212],[96.59197,3.85481],[96.5895,3.85511],[96.59181,3.85702],[96.59055,3.85917],[96.59508,3.8627],[96.59351,3.86483],[96.59666,3.86612],[96.59311,3.87047],[96.59542,3.86994],[96.59545,3.87464],[96.59782,3.87336],[96.59462,3.87665],[96.60098,3.87984],[96.59577,3.88329],[96.59767,3.88434],[96.59618,3.88686],[96.60152,3.89091],[96.59854,3.89089],[96.60182,3.89244],[96.59845,3.89374],[96.60374,3.89601],[96.60618,3.90251],[96.60319,3.90802],[96.60995,3.91102],[96.61061,3.90734],[96.61244,3.91015],[96.61553,3.9072],[96.61731,3.90856],[96.61634,3.91479],[96.61896,3.91365],[96.61815,3.91082],[96.62128,3.91273],[96.6225,3.91741],[96.61822,3.91819],[96.62172,3.92129],[96.61667,3.92549],[96.61666,3.92889],[96.61879,3.92852],[96.61767,3.93042],[96.62134,3.93219],[96.61933,3.93707],[96.62173,3.9363],[96.61995,3.9382],[96.62224,3.93836],[96.62216,3.94144],[96.62478,3.94119],[96.6228,3.94415],[96.62793,3.94367],[96.62712,3.95011],[96.6343,3.9575],[96.6319,3.96344],[96.64083,3.97065],[96.64542,3.96888],[96.65528,3.96989],[96.66577,3.98039],[96.67295,3.97946],[96.679,3.98664],[96.68611,3.98344],[96.68511,3.98934],[96.6991,3.9878],[96.69767,3.99192],[96.70676,3.99503],[96.70644,4.00538],[96.70896,4.00424],[96.71261,4.00836],[96.7175,4.00965],[96.71721,4.01673],[96.71288,4.02172],[96.72095,4.02669],[96.72724,4.03768],[96.72511,4.04735],[96.72767,4.05749],[96.72632,4.06484],[96.71892,4.07878],[96.72387,4.09414],[96.71649,4.09646],[96.7165,4.10075],[96.72237,4.10993],[96.73211,4.13556],[96.74499,4.15049],[96.74899,4.1604],[96.77427,4.18034],[96.79356,4.20311],[96.79568,4.2207],[96.78978,4.2444],[96.79926,4.26606],[96.79494,4.27886],[96.79085,4.28267],[96.75849,4.29534],[96.742,4.31338],[96.71603,4.32896],[96.71409,4.33875],[96.71894,4.354],[96.69737,4.36545],[96.68839,4.36263],[96.67623,4.3668],[96.6718,4.38187],[96.67418,4.38689],[96.67903,4.38824],[96.68393,4.39417],[96.62784,4.4063],[96.62795,4.40999],[96.63818,4.41648],[96.64082,4.42584],[96.65001,4.4375],[96.65473,4.44939],[96.66614,4.4569],[96.67049,4.46447],[96.68873,4.46978],[96.68824,4.47448],[96.68258,4.4829],[96.66495,4.48992],[96.6627,4.49962],[96.65945,4.50231],[96.639,4.51016],[96.6271,4.50786],[96.62202,4.51419],[96.61459,4.50669],[96.6117,4.49938],[96.60662,4.50272],[96.60863,4.5096],[96.60557,4.51383],[96.61025,4.52198],[96.61544,4.52398],[96.61857,4.53064],[96.62964,4.53466],[96.64481,4.52988],[96.65566,4.52974],[96.65277,4.55005],[96.63929,4.5612],[96.62294,4.5605],[96.60948,4.56307],[96.60406,4.56715],[96.57601,4.57555],[96.5588,4.5921],[96.54141,4.60134],[96.52831,4.6145],[96.51372,4.6246]]]}},{"type":"Feature","id":"pidie","properties":{"kab_id":"pidie","nama":"Pidie","tipe":"KAB","kode_bps":"","kode_prov":"11","kantah_id":"KANTAH_PIDIE","status":"RENCANA","target_minggu_ini":1,"label_lon":96.10133,"label_lat":5.12231,"sort_no":16,"sumber":"BIG_Administrasi_AR_KabKota_50K","source_name":"Pidie","source_objectid":797,"note":""},"geometry":{"type":"Polygon","coordinates":[[[95.75419,5.56414],[95.74467,5.56939],[95.7418,5.55975],[95.72868,5.54219],[95.72782,5.52851],[95.72528,5.52334],[95.73724,5.5162],[95.73729,5.51263],[95.72601,5.50047],[95.72891,5.49198],[95.73303,5.48804],[95.74401,5.48035],[95.7541,5.47853],[95.76419,5.46756],[95.75958,5.46088],[95.7594,5.45718],[95.7619,5.45528],[95.76103,5.44433],[95.76458,5.44756],[95.7655,5.45314],[95.77171,5.45356],[95.77485,5.45628],[95.78032,5.44068],[95.77327,5.43232],[95.75882,5.43124],[95.7533,5.41862],[95.75513,5.40992],[95.76755,5.40346],[95.76382,5.39417],[95.75772,5.38923],[95.75625,5.37737],[95.76098,5.36856],[95.76,5.36461],[95.75615,5.36069],[95.75082,5.3608],[95.74903,5.35761],[95.75169,5.34607],[95.74715,5.33357],[95.74847,5.31887],[95.75136,5.31503],[95.76178,5.31458],[95.767,5.31068],[95.76755,5.30629],[95.75825,5.30262],[95.76004,5.29574],[95.76485,5.28978],[95.7914,5.28013],[95.7914,5.27414],[95.78592,5.25965],[95.77595,5.25764],[95.77476,5.2534],[95.78238,5.24401],[95.78703,5.22245],[95.79149,5.21341],[95.82144,5.18055],[95.83261,5.16468],[95.84068,5.13609],[95.83119,5.1164],[95.82073,5.08547],[95.79902,5.07935],[95.79249,5.08105],[95.7739,5.07181],[95.77013,5.07216],[95.76358,5.06505],[95.74874,5.06547],[95.743,5.0606],[95.76211,5.05546],[95.76604,5.03794],[95.77222,5.027],[95.77804,5.02249],[95.78353,5.00878],[95.79779,4.99239],[95.84692,4.95441],[95.8542,4.93889],[95.8562,4.92841],[95.88141,4.91587],[95.88688,4.89117],[95.90132,4.86811],[95.92678,4.84749],[95.95154,4.83511],[95.96283,4.81944],[95.97144,4.81343],[95.97965,4.79636],[95.98619,4.79293],[95.99212,4.78603],[95.99546,4.75428],[96.00021,4.7495],[96.10678,4.74969],[96.10619,4.73149],[96.10298,4.72304],[96.1079,4.71511],[96.10676,4.70645],[96.11069,4.70043],[96.10918,4.69645],[96.11126,4.68959],[96.10723,4.68488],[96.10445,4.67522],[96.13347,4.67536],[96.13927,4.68739],[96.13739,4.69179],[96.14079,4.69723],[96.14107,4.70425],[96.15369,4.70572],[96.15856,4.71068],[96.16125,4.72634],[96.15874,4.73332],[96.16447,4.73799],[96.16187,4.74335],[96.16761,4.75009],[96.24327,4.71232],[96.26028,4.71238],[96.26183,4.73472],[96.2736,4.74668],[96.27435,4.76262],[96.28208,4.7798],[96.28797,4.77795],[96.29211,4.77221],[96.30694,4.76333],[96.32746,4.76902],[96.39884,4.75999],[96.44172,4.7647],[96.47093,4.76234],[96.47571,4.77486],[96.47737,4.80046],[96.47297,4.81468],[96.47728,4.84473],[96.46727,4.84707],[96.45623,4.86154],[96.46603,4.86858],[96.46988,4.88744],[96.47028,4.8949],[96.46376,4.9142],[96.44515,4.93054],[96.43458,4.9374],[96.42473,4.94044],[96.40251,4.94108],[96.37661,4.93037],[96.37294,4.93173],[96.37115,4.93791],[96.36719,4.94101],[96.35413,4.94437],[96.34452,4.94264],[96.32539,4.91724],[96.32212,4.91565],[96.31368,4.9143],[96.30524,4.91623],[96.29903,4.91146],[96.27667,4.90973],[96.25999,4.91591],[96.25327,4.9227],[96.24799,4.9367],[96.22625,4.94782],[96.21157,4.95918],[96.20251,4.98128],[96.19,4.99743],[96.18997,5.00023],[96.2005,5.01377],[96.20672,5.04013],[96.19597,5.05634],[96.19302,5.07689],[96.19044,5.07659],[96.18364,5.06828],[96.1668,5.06839],[96.14887,5.07881],[96.13752,5.07437],[96.12642,5.07794],[96.11725,5.08362],[96.11207,5.0915],[96.10122,5.08941],[96.08981,5.09167],[96.07112,5.10626],[96.05764,5.10851],[96.04764,5.1188],[96.04382,5.12998],[96.02026,5.14589],[96.02583,5.1533],[96.02433,5.1593],[96.02759,5.16374],[96.02944,5.16231],[96.03098,5.16433],[96.03393,5.17387],[96.04324,5.17225],[96.04288,5.17439],[96.04585,5.1745],[96.05224,5.18268],[96.04762,5.19779],[96.0565,5.20222],[96.05092,5.2058],[96.04801,5.21556],[96.04431,5.21698],[96.03893,5.23048],[96.0394,5.23565],[96.0367,5.23703],[96.03978,5.24577],[96.04638,5.24259],[96.05539,5.25519],[96.05606,5.25884],[96.05152,5.26412],[96.04496,5.26623],[96.05067,5.27996],[96.05544,5.28385],[96.05436,5.28833],[96.06336,5.29422],[96.06414,5.29713],[96.07017,5.29338],[96.07424,5.29402],[96.08552,5.28675],[96.09402,5.2848],[96.09737,5.28647],[96.09821,5.28403],[96.10401,5.28259],[96.10459,5.28699],[96.07869,5.29245],[96.06588,5.30377],[96.0496,5.32751],[96.03648,5.33339],[96.01507,5.34838],[96.01477,5.35101],[95.99445,5.36315],[95.96889,5.38496],[95.96734,5.38779],[95.96967,5.38914],[95.96663,5.3886],[95.95131,5.39638],[95.9391,5.40678],[95.93869,5.4104],[95.93399,5.40625],[95.93299,5.41143],[95.91558,5.42734],[95.89134,5.46129],[95.89392,5.48685],[95.8856,5.50607],[95.85622,5.51843],[95.82791,5.53572],[95.81812,5.53595],[95.79248,5.54515],[95.77846,5.55137],[95.76955,5.55838],[95.75419,5.56414]]]}},{"type":"Feature","id":"pidie_jaya","properties":{"kab_id":"pidie_jaya","nama":"Pidie Jaya","tipe":"KAB","kode_bps":"","kode_prov":"11","kantah_id":"KANTAH_PIDIE_JAYA","status":"RENCANA","target_minggu_ini":1,"label_lon":96.19254,"label_lat":5.10339,"sort_no":17,"sumber":"BIG_Administrasi_AR_KabKota_50K","source_name":"Pidie Jaya","source_objectid":798,"note":""},"geometry":{"type":"Polygon","coordinates":[[[96.10524,5.28434],[96.10401,5.28259],[96.09821,5.28403],[96.09737,5.28647],[96.09402,5.2848],[96.08552,5.28675],[96.07424,5.29402],[96.07017,5.29338],[96.06414,5.29713],[96.06336,5.29422],[96.05436,5.28833],[96.05544,5.28385],[96.05067,5.27996],[96.04496,5.26623],[96.05152,5.26412],[96.05606,5.25884],[96.05539,5.25519],[96.04638,5.24259],[96.03978,5.24577],[96.0367,5.23703],[96.0394,5.23565],[96.03893,5.23048],[96.04431,5.21698],[96.04801,5.21556],[96.05092,5.2058],[96.0565,5.20222],[96.04762,5.19779],[96.05224,5.18268],[96.04585,5.1745],[96.04288,5.17439],[96.04324,5.17225],[96.03393,5.17387],[96.03098,5.16433],[96.02944,5.16231],[96.02759,5.16374],[96.02433,5.1593],[96.02583,5.1533],[96.02026,5.14589],[96.04382,5.12998],[96.04764,5.1188],[96.05764,5.10851],[96.07112,5.10626],[96.08981,5.09167],[96.10122,5.08941],[96.11207,5.0915],[96.11725,5.08362],[96.12642,5.07794],[96.13752,5.07437],[96.14887,5.07881],[96.1668,5.06839],[96.18364,5.06828],[96.19044,5.07659],[96.19302,5.07689],[96.19597,5.05634],[96.20672,5.04013],[96.2005,5.01377],[96.18997,5.00023],[96.19,4.99743],[96.20251,4.98128],[96.21157,4.95918],[96.22625,4.94782],[96.24799,4.9367],[96.25327,4.9227],[96.26354,4.91375],[96.27667,4.90973],[96.28881,4.90965],[96.29903,4.91146],[96.30524,4.91623],[96.31368,4.9143],[96.32539,4.91724],[96.34649,4.94388],[96.3419,4.94425],[96.33553,4.94929],[96.32731,4.9624],[96.32714,4.96795],[96.33742,4.97844],[96.34657,4.99388],[96.34695,5.01691],[96.35382,5.02487],[96.35765,5.026],[96.3643,5.03723],[96.36482,5.04636],[96.36099,5.05852],[96.35021,5.06866],[96.34793,5.07975],[96.35401,5.08696],[96.35523,5.09209],[96.34959,5.10228],[96.34937,5.1077],[96.3458,5.11043],[96.34723,5.1193],[96.34566,5.12416],[96.34819,5.12605],[96.33785,5.13954],[96.33499,5.15054],[96.33513,5.18486],[96.34217,5.20496],[96.34,5.21924],[96.34327,5.22649],[96.30578,5.23829],[96.30499,5.24054],[96.26424,5.25981],[96.26152,5.26182],[96.26264,5.26512],[96.26,5.26214],[96.26176,5.26555],[96.2131,5.25891],[96.18728,5.25927],[96.14187,5.27787],[96.10524,5.28434]]]}},{"type":"Feature","id":"simeulue","properties":{"kab_id":"simeulue","nama":"Simeulue","tipe":"KAB","kode_bps":"","kode_prov":"11","kantah_id":"KANTAH_SIMEULUE","status":"BELUM_TARGET","target_minggu_ini":0,"label_lon":96.03728,"label_lat":2.53757,"sort_no":18,"sumber":"BIG_Administrasi_AR_KabKota_50K","source_name":"Simeulue","source_objectid":937,"note":""},"geometry":{"type":"MultiPolygon","coordinates":[[[[95.80213,2.93009],[95.79534,2.92717],[95.78953,2.92782],[95.78352,2.92188],[95.78173,2.90916],[95.77617,2.90445],[95.77162,2.9057],[95.7681,2.89695],[95.76944,2.88622],[95.76335,2.87949],[95.76797,2.87102],[95.76486,2.87063],[95.7639,2.86804],[95.76796,2.86261],[95.76505,2.86102],[95.76434,2.86309],[95.76274,2.86066],[95.76605,2.853],[95.76393,2.85036],[95.76488,2.84718],[95.77848,2.8451],[95.78163,2.84115],[95.78675,2.84195],[95.78755,2.83992],[95.79651,2.84414],[95.79801,2.84134],[95.79532,2.84174],[95.78954,2.8347],[95.79168,2.83072],[95.78714,2.82995],[95.78808,2.82641],[95.78522,2.82867],[95.77974,2.82795],[95.77689,2.82299],[95.78091,2.82157],[95.77916,2.81793],[95.77526,2.82415],[95.77245,2.82313],[95.77464,2.82509],[95.7725,2.82744],[95.76239,2.82255],[95.75785,2.82365],[95.75303,2.82946],[95.74021,2.82705],[95.73257,2.83203],[95.71939,2.82514],[95.7168,2.80862],[95.71033,2.80567],[95.70677,2.79763],[95.70649,2.78969],[95.69211,2.77371],[95.69997,2.76244],[95.69826,2.75524],[95.70459,2.74692],[95.70773,2.75023],[95.70953,2.74791],[95.7155,2.74731],[95.7135,2.7493],[95.7166,2.75526],[95.72193,2.75643],[95.72291,2.76077],[95.73397,2.75719],[95.73272,2.74972],[95.72952,2.74725],[95.72291,2.7477],[95.72249,2.7415],[95.72534,2.73853],[95.73029,2.73945],[95.74309,2.73633],[95.75047,2.73011],[95.74977,2.72261],[95.75446,2.71841],[95.75391,2.71598],[95.7641,2.71398],[95.7652,2.70964],[95.75694,2.70428],[95.75515,2.70044],[95.76914,2.68885],[95.7735,2.68936],[95.78562,2.68152],[95.79526,2.65844],[95.79505,2.65245],[95.78913,2.64791],[95.7904,2.6394],[95.79729,2.63016],[95.80354,2.62831],[95.80614,2.63384],[95.80386,2.63576],[95.80428,2.63976],[95.81138,2.63854],[95.81063,2.64327],[95.81795,2.64767],[95.82779,2.64385],[95.83011,2.63921],[95.82909,2.62974],[95.83293,2.62991],[95.83913,2.62195],[95.84503,2.63723],[95.86313,2.63796],[95.87175,2.62963],[95.88136,2.62649],[95.88927,2.62033],[95.89032,2.61604],[95.88457,2.61057],[95.88551,2.60353],[95.89542,2.59866],[95.90361,2.60354],[95.90652,2.59761],[95.91157,2.60005],[95.91675,2.59924],[95.91967,2.59616],[95.91774,2.58926],[95.92612,2.58311],[95.93043,2.58712],[95.93171,2.57959],[95.94221,2.57204],[95.94943,2.56988],[95.95525,2.56982],[95.95621,2.57482],[95.95948,2.57751],[95.96487,2.57649],[95.96288,2.58077],[95.96646,2.58535],[95.97879,2.58847],[95.98422,2.58416],[95.98841,2.58534],[95.99426,2.5819],[95.99282,2.57047],[95.99396,2.56639],[95.99636,2.56609],[96.00409,2.58724],[96.01094,2.59048],[96.01612,2.58978],[96.01937,2.58436],[96.04974,2.57786],[96.05896,2.56331],[96.0629,2.57003],[96.0665,2.57078],[96.08016,2.56673],[96.08581,2.56225],[96.0835,2.55796],[96.08714,2.55387],[96.11847,2.5411],[96.12843,2.52004],[96.13961,2.51358],[96.14443,2.51366],[96.14929,2.5184],[96.15815,2.51113],[96.16067,2.51206],[96.16438,2.5061],[96.16136,2.5011],[96.16959,2.49073],[96.17386,2.49122],[96.18125,2.48463],[96.18843,2.48831],[96.19599,2.48068],[96.1999,2.47211],[96.21263,2.46763],[96.22039,2.46058],[96.22826,2.44194],[96.24233,2.44146],[96.25805,2.43286],[96.26934,2.43014],[96.30566,2.4248],[96.31625,2.41779],[96.32002,2.40577],[96.31342,2.4015],[96.31377,2.38608],[96.31822,2.38674],[96.32023,2.38364],[96.3333,2.39151],[96.33594,2.38809],[96.33413,2.37205],[96.32657,2.36804],[96.32219,2.36261],[96.31651,2.36261],[96.31454,2.35963],[96.31854,2.35685],[96.31938,2.35302],[96.32662,2.35015],[96.33418,2.35068],[96.345,2.34124],[96.3535,2.33987],[96.35957,2.34166],[96.36699,2.33734],[96.37306,2.34119],[96.37229,2.34586],[96.37486,2.34841],[96.38731,2.34969],[96.39284,2.34064],[96.40941,2.33143],[96.44341,2.32829],[96.44431,2.33251],[96.45007,2.33134],[96.45462,2.33312],[96.45879,2.33929],[96.46419,2.3405],[96.46808,2.3448],[96.46997,2.34278],[96.46789,2.34142],[96.46999,2.34071],[96.48093,2.34409],[96.48572,2.35438],[96.49874,2.36346],[96.49644,2.37409],[96.4911,2.3775],[96.49104,2.38803],[96.48652,2.38923],[96.47624,2.39895],[96.48561,2.40863],[96.49216,2.40776],[96.48118,2.42034],[96.47667,2.41949],[96.47847,2.42395],[96.4764,2.42363],[96.47635,2.43072],[96.46731,2.42753],[96.46737,2.43045],[96.47216,2.43515],[96.46619,2.43808],[96.47219,2.44949],[96.46633,2.46108],[96.45515,2.46704],[96.45668,2.47148],[96.45366,2.47588],[96.44591,2.4776],[96.43466,2.489],[96.42696,2.49165],[96.42746,2.48809],[96.42511,2.48752],[96.42902,2.48422],[96.43018,2.47921],[96.42537,2.47707],[96.42001,2.4845],[96.42081,2.48725],[96.41729,2.4851],[96.41454,2.48745],[96.41689,2.48975],[96.41304,2.49068],[96.40946,2.51042],[96.40395,2.51279],[96.40195,2.5066],[96.40382,2.50433],[96.40507,2.50723],[96.40732,2.50448],[96.4047,2.49522],[96.40218,2.49342],[96.40233,2.48775],[96.39923,2.48747],[96.40377,2.48152],[96.39983,2.4755],[96.40421,2.47469],[96.40799,2.47037],[96.4068,2.45745],[96.40105,2.45455],[96.39989,2.45842],[96.3966,2.45724],[96.40181,2.46496],[96.39533,2.45986],[96.38901,2.46166],[96.38738,2.45551],[96.38455,2.45599],[96.38333,2.46017],[96.38661,2.4622],[96.38441,2.46162],[96.38619,2.46337],[96.38289,2.4669],[96.387,2.46559],[96.3857,2.46761],[96.39242,2.47479],[96.38908,2.47116],[96.38245,2.4713],[96.38437,2.47556],[96.38269,2.48114],[96.37988,2.48335],[96.37599,2.482],[96.37446,2.48637],[96.36882,2.48828],[96.37236,2.49031],[96.3689,2.49129],[96.36936,2.49318],[96.37319,2.49524],[96.36516,2.49613],[96.36239,2.50507],[96.36477,2.51235],[96.37042,2.51253],[96.36554,2.51439],[96.36188,2.52045],[96.35842,2.51934],[96.36102,2.51678],[96.36247,2.51812],[96.36245,2.5147],[96.35211,2.51575],[96.35086,2.51975],[96.35578,2.52338],[96.34938,2.52189],[96.34625,2.51786],[96.34005,2.52153],[96.33981,2.52574],[96.3428,2.52254],[96.34529,2.52546],[96.33989,2.52704],[96.33909,2.52943],[96.34389,2.53029],[96.34197,2.53338],[96.3435,2.53941],[96.35289,2.53963],[96.34431,2.54086],[96.34456,2.54524],[96.34738,2.54357],[96.34957,2.54646],[96.34314,2.54754],[96.34078,2.54587],[96.34195,2.54922],[96.33884,2.55051],[96.34252,2.55269],[96.3345,2.54988],[96.32814,2.55177],[96.32399,2.55872],[96.31364,2.56153],[96.30813,2.55822],[96.29514,2.56241],[96.28049,2.57413],[96.2707,2.57366],[96.26264,2.58121],[96.2532,2.58527],[96.25188,2.59011],[96.24551,2.5937],[96.24775,2.59821],[96.24487,2.59911],[96.2398,2.60703],[96.23901,2.61926],[96.23183,2.62177],[96.22299,2.61987],[96.22173,2.62429],[96.22585,2.62514],[96.22595,2.62704],[96.22104,2.62801],[96.21973,2.62602],[96.21681,2.62964],[96.2174,2.6323],[96.21969,2.63046],[96.21852,2.63326],[96.20684,2.63602],[96.20654,2.63984],[96.20298,2.6421],[96.20248,2.64553],[96.2044,2.64603],[96.20135,2.64366],[96.19907,2.64822],[96.19659,2.64704],[96.19218,2.65161],[96.19017,2.65001],[96.18611,2.65163],[96.18465,2.655],[96.18295,2.65388],[96.1877,2.65561],[96.18623,2.65885],[96.18349,2.66192],[96.18087,2.65753],[96.17965,2.6586],[96.18281,2.66407],[96.18062,2.66822],[96.17861,2.66596],[96.17538,2.66814],[96.17495,2.66456],[96.17341,2.66513],[96.17585,2.6706],[96.17242,2.66983],[96.17325,2.67358],[96.16963,2.67361],[96.1727,2.66916],[96.16972,2.66823],[96.16344,2.67226],[96.16445,2.67661],[96.16205,2.67841],[96.15903,2.67677],[96.16276,2.67367],[96.16284,2.66855],[96.16748,2.66981],[96.16902,2.66672],[96.17135,2.66699],[96.17353,2.66029],[96.18147,2.6558],[96.18358,2.64922],[96.1815,2.64602],[96.1834,2.64162],[96.18212,2.63793],[96.19173,2.62362],[96.19262,2.61659],[96.18661,2.62054],[96.18755,2.61708],[96.18377,2.61852],[96.18539,2.61426],[96.18365,2.61581],[96.18159,2.61363],[96.18106,2.61798],[96.17972,2.61514],[96.17744,2.61573],[96.17989,2.62078],[96.17636,2.62254],[96.17621,2.63154],[96.17312,2.62812],[96.17115,2.63032],[96.17225,2.63506],[96.16916,2.63318],[96.16626,2.6377],[96.16416,2.63381],[96.16064,2.63384],[96.15953,2.63747],[96.16241,2.63839],[96.15843,2.64177],[96.15395,2.64125],[96.15479,2.6477],[96.14788,2.64147],[96.14649,2.63595],[96.14373,2.6358],[96.14292,2.63835],[96.14626,2.63959],[96.1446,2.6424],[96.14796,2.64686],[96.1459,2.6495],[96.14513,2.64673],[96.14235,2.64913],[96.14291,2.65448],[96.14047,2.6513],[96.14184,2.64784],[96.1383,2.64572],[96.13616,2.64938],[96.13745,2.65372],[96.13587,2.65456],[96.13591,2.64996],[96.13338,2.65409],[96.13332,2.64289],[96.13092,2.64298],[96.13074,2.64859],[96.12949,2.6459],[96.12342,2.64789],[96.12354,2.64533],[96.12779,2.64401],[96.12551,2.64416],[96.12666,2.64146],[96.12354,2.63345],[96.12037,2.63622],[96.11778,2.63441],[96.11688,2.63786],[96.11084,2.63462],[96.11422,2.64037],[96.10776,2.63521],[96.10562,2.63648],[96.10576,2.64424],[96.10198,2.64524],[96.10335,2.65076],[96.10014,2.64691],[96.10051,2.6498],[96.09737,2.65245],[96.09831,2.65395],[96.09996,2.65171],[96.10553,2.65189],[96.10071,2.65746],[96.10497,2.66082],[96.10152,2.66671],[96.10207,2.67272],[96.09369,2.67253],[96.09206,2.67487],[96.0982,2.6777],[96.10104,2.67447],[96.09904,2.678],[96.10469,2.68507],[96.10707,2.6842],[96.1089,2.68924],[96.11917,2.69382],[96.12136,2.69181],[96.11999,2.6901],[96.11274,2.68652],[96.11879,2.68806],[96.12971,2.68257],[96.1345,2.68335],[96.13977,2.68934],[96.14504,2.68746],[96.14486,2.68956],[96.14773,2.69027],[96.14937,2.68794],[96.15166,2.68898],[96.14793,2.69392],[96.14273,2.69083],[96.14089,2.69594],[96.14581,2.6951],[96.14749,2.69845],[96.14469,2.69755],[96.14512,2.70042],[96.14247,2.70224],[96.14756,2.70372],[96.14554,2.7116],[96.14161,2.71003],[96.14044,2.71251],[96.13909,2.71094],[96.14105,2.70902],[96.13806,2.70709],[96.13827,2.7118],[96.13339,2.71435],[96.1373,2.70989],[96.1375,2.70591],[96.13476,2.70161],[96.12882,2.70046],[96.12674,2.70524],[96.12109,2.70684],[96.12436,2.7095],[96.12128,2.71121],[96.11832,2.70973],[96.11556,2.71485],[96.11306,2.71416],[96.11229,2.72353],[96.11016,2.7257],[96.11226,2.72624],[96.11154,2.7295],[96.11535,2.72732],[96.11418,2.72635],[96.12687,2.72373],[96.13121,2.71897],[96.12922,2.72586],[96.13205,2.72733],[96.13122,2.73056],[96.12553,2.72764],[96.11953,2.73379],[96.11873,2.73016],[96.11842,2.73581],[96.11578,2.73507],[96.09012,2.74908],[96.08604,2.74413],[96.08987,2.73717],[96.08744,2.73594],[96.08741,2.73183],[96.08234,2.7311],[96.07823,2.73908],[96.08137,2.74658],[96.08557,2.74964],[96.08471,2.75336],[96.09388,2.75424],[96.09781,2.75122],[96.0974,2.75324],[96.10338,2.75112],[96.10212,2.75352],[96.09266,2.75632],[96.08351,2.7563],[96.07862,2.75377],[96.05986,2.7602],[96.04016,2.76015],[96.02618,2.75656],[96.02332,2.76059],[96.00844,2.76717],[96.00572,2.77106],[96.00821,2.77059],[96.00885,2.77328],[96.00145,2.78475],[95.99351,2.78481],[95.98021,2.79107],[95.97682,2.79799],[95.97564,2.81149],[95.96222,2.81144],[95.95882,2.81304],[95.95648,2.81854],[95.95255,2.81588],[95.94046,2.82377],[95.93265,2.82328],[95.93235,2.82724],[95.9279,2.82949],[95.91649,2.84477],[95.91344,2.84329],[95.91105,2.82876],[95.90268,2.83019],[95.9051,2.82819],[95.90392,2.82383],[95.89997,2.82316],[95.89966,2.82655],[95.89548,2.82863],[95.89284,2.82632],[95.88672,2.8283],[95.88277,2.82503],[95.88001,2.82972],[95.88345,2.83199],[95.8855,2.82871],[95.88733,2.83371],[95.8842,2.83723],[95.88623,2.83755],[95.88714,2.84314],[95.87615,2.84564],[95.87115,2.84991],[95.87277,2.84647],[95.86566,2.84836],[95.8704,2.85394],[95.86513,2.85837],[95.87175,2.86055],[95.87235,2.86461],[95.88307,2.85928],[95.88044,2.86391],[95.87792,2.86359],[95.87307,2.8683],[95.87641,2.87236],[95.87895,2.87069],[95.87625,2.86959],[95.87841,2.86806],[95.88352,2.87261],[95.89617,2.85885],[95.90589,2.85667],[95.90895,2.84807],[95.9122,2.84731],[95.91105,2.8541],[95.91413,2.85884],[95.91376,2.86637],[95.91795,2.86791],[95.90473,2.89484],[95.89064,2.90183],[95.88071,2.90378],[95.8723,2.91319],[95.86233,2.90859],[95.85413,2.91319],[95.83858,2.9114],[95.83534,2.91299],[95.83353,2.90216],[95.83909,2.89724],[95.83914,2.89513],[95.83553,2.89745],[95.84012,2.88927],[95.83889,2.88615],[95.84211,2.88305],[95.83963,2.88288],[95.83343,2.88718],[95.83336,2.89147],[95.83592,2.8882],[95.8383,2.89021],[95.83032,2.89854],[95.82914,2.90379],[95.8261,2.90262],[95.82477,2.89813],[95.82256,2.89864],[95.82502,2.90815],[95.81825,2.90749],[95.81936,2.91226],[95.8118,2.91223],[95.80957,2.91471],[95.8105,2.91084],[95.80739,2.90971],[95.80692,2.91244],[95.80236,2.9063],[95.80222,2.90893],[95.79956,2.90833],[95.80191,2.91271],[95.79847,2.91303],[95.79837,2.91673],[95.79948,2.91446],[95.80579,2.91617],[95.80056,2.91749],[95.80098,2.92311],[95.8055,2.92232],[95.80543,2.9273],[95.80213,2.93009]]],[[[96.65018,2.12479],[96.64225,2.12047],[96.63363,2.12279],[96.62418,2.12096],[96.61377,2.11234],[96.61132,2.10495],[96.61176,2.09701],[96.61508,2.09344],[96.61295,2.08458],[96.61622,2.07741],[96.62761,2.06534],[96.63637,2.06059],[96.64139,2.06126],[96.64574,2.05776],[96.65181,2.05886],[96.65437,2.06363],[96.6609,2.06826],[96.6646,2.06766],[96.67007,2.07366],[96.67757,2.07455],[96.68864,2.08891],[96.67744,2.11319],[96.66232,2.1237],[96.65018,2.12479]]],[[[96.62568,2.18907],[96.61038,2.18493],[96.60862,2.1813],[96.6112,2.17536],[96.63371,2.15209],[96.64299,2.14981],[96.6542,2.15179],[96.66091,2.16023],[96.66175,2.16881],[96.64714,2.1717],[96.63835,2.18532],[96.63381,2.18825],[96.62568,2.18907]]],[[[96.20421,2.35938],[96.19359,2.35837],[96.19145,2.35587],[96.19247,2.34928],[96.19671,2.34862],[96.19995,2.351],[96.20509,2.35622],[96.20421,2.35938]]],[[[96.20429,2.36047],[96.20355,2.36099],[96.20385,2.36035],[96.20429,2.36047]]],[[[96.25736,2.37294],[96.25565,2.37386],[96.25026,2.36665],[96.24061,2.36085],[96.22901,2.35924],[96.22388,2.36089],[96.21879,2.3586],[96.22554,2.35063],[96.2351,2.34489],[96.24822,2.34526],[96.25477,2.34996],[96.25615,2.35756],[96.26103,2.36202],[96.25691,2.367],[96.25736,2.37294]]],[[[96.33213,2.38324],[96.33365,2.38591],[96.33143,2.38383],[96.33213,2.38324]]],[[[96.50353,2.41162],[96.50332,2.41207],[96.50337,2.41154],[96.50353,2.41162]]],[[[96.50411,2.41277],[96.50334,2.41309],[96.50362,2.41266],[96.50411,2.41277]]],[[[96.23107,2.41638],[96.22899,2.413],[96.23181,2.41266],[96.23107,2.41638]]],[[[96.50062,2.41464],[96.50157,2.41637],[96.50116,2.41707],[96.50062,2.41464]]],[[[96.49099,2.42022],[96.49084,2.42074],[96.49066,2.42046],[96.49099,2.42022]]],[[[96.48966,2.42076],[96.48873,2.41988],[96.49002,2.42022],[96.48966,2.42076]]],[[[96.48759,2.42087],[96.48785,2.42151],[96.4873,2.42118],[96.48759,2.42087]]],[[[96.49127,2.42121],[96.49162,2.42162],[96.49107,2.42155],[96.49127,2.42121]]],[[[96.48438,2.42304],[96.48331,2.42098],[96.4873,2.42257],[96.48438,2.42304]]],[[[96.52181,2.42468],[96.52199,2.42488],[96.52177,2.42507],[96.52181,2.42468]]],[[[96.52484,2.42663],[96.52463,2.42705],[96.52424,2.42648],[96.52484,2.42663]]],[[[96.48508,2.4289],[96.48133,2.42852],[96.48024,2.4244],[96.48295,2.42328],[96.48452,2.42584],[96.48233,2.42719],[96.48508,2.4289]]],[[[96.48654,2.43372],[96.48612,2.43397],[96.48696,2.43329],[96.48654,2.43372]]],[[[96.48751,2.43406],[96.48793,2.43418],[96.48798,2.43454],[96.48751,2.43406]]],[[[96.48428,2.43511],[96.48481,2.43528],[96.48476,2.4358],[96.48428,2.43511]]],[[[96.48642,2.43579],[96.48612,2.43609],[96.48631,2.43507],[96.48642,2.43579]]],[[[96.48554,2.43573],[96.48531,2.43645],[96.48523,2.43616],[96.48554,2.43573]]],[[[96.48667,2.43604],[96.48677,2.43662],[96.48643,2.43716],[96.48667,2.43604]]],[[[96.48694,2.43686],[96.48677,2.43726],[96.48673,2.43704],[96.48694,2.43686]]],[[[96.48813,2.43543],[96.48869,2.43741],[96.48721,2.43474],[96.48813,2.43543]]],[[[96.48714,2.43784],[96.4864,2.43796],[96.48753,2.43731],[96.48714,2.43784]]],[[[96.48483,2.43736],[96.48423,2.43812],[96.48458,2.43728],[96.48483,2.43736]]],[[[96.49007,2.43891],[96.48889,2.43872],[96.48895,2.43752],[96.49007,2.43891]]],[[[96.4892,2.43949],[96.48945,2.43962],[96.4891,2.43964],[96.4892,2.43949]]],[[[96.49002,2.43966],[96.4901,2.43994],[96.48982,2.43981],[96.49002,2.43966]]],[[[96.4926,2.43967],[96.48831,2.43403],[96.49144,2.43134],[96.4851,2.42597],[96.48768,2.42503],[96.4877,2.42225],[96.4926,2.42296],[96.49216,2.4199],[96.48603,2.41905],[96.49538,2.41914],[96.50075,2.41163],[96.5031,2.41319],[96.49887,2.41473],[96.5,2.41871],[96.51039,2.415],[96.51759,2.42557],[96.50682,2.43285],[96.4956,2.4344],[96.4926,2.43967]]],[[[96.47718,2.44021],[96.47567,2.43634],[96.47952,2.4333],[96.48169,2.43491],[96.48106,2.43197],[96.48362,2.43267],[96.48358,2.43859],[96.47718,2.44021]]],[[[96.49089,2.44044],[96.49091,2.44074],[96.49069,2.44039],[96.49089,2.44044]]],[[[96.48975,2.44036],[96.49023,2.44177],[96.4896,2.44113],[96.48975,2.44036]]],[[[96.3922,2.47066],[96.39239,2.47129],[96.39207,2.47169],[96.3922,2.47066]]],[[[96.39199,2.47174],[96.39207,2.47201],[96.3918,2.47209],[96.39199,2.47174]]],[[[96.4272,2.48038],[96.42656,2.48112],[96.42764,2.47928],[96.4272,2.48038]]],[[[96.38678,2.48258],[96.38685,2.48302],[96.38642,2.48314],[96.38678,2.48258]]],[[[96.42259,2.48345],[96.42337,2.48396],[96.42353,2.48486],[96.42259,2.48345]]],[[[96.38257,2.48505],[96.38172,2.48613],[96.38161,2.48514],[96.38257,2.48505]]],[[[96.39822,2.48881],[96.39848,2.48816],[96.3998,2.4883],[96.39822,2.48881]]],[[[96.37751,2.4898],[96.37766,2.49007],[96.37741,2.4902],[96.37751,2.4898]]],[[[96.39733,2.48999],[96.39679,2.49081],[96.39676,2.49028],[96.39733,2.48999]]],[[[96.37732,2.49084],[96.37734,2.49116],[96.37714,2.49107],[96.37732,2.49084]]],[[[96.39592,2.49368],[96.3956,2.49459],[96.39655,2.49134],[96.39592,2.49368]]],[[[96.40242,2.49605],[96.40193,2.4977],[96.40106,2.49822],[96.40242,2.49605]]],[[[96.3738,2.49913],[96.37414,2.49922],[96.37358,2.49907],[96.3738,2.49913]]],[[[96.37754,2.49911],[96.37761,2.49943],[96.37739,2.49917],[96.37754,2.49911]]],[[[96.3745,2.49921],[96.37493,2.49938],[96.37471,2.49951],[96.3745,2.49921]]],[[[96.37566,2.49919],[96.37715,2.50017],[96.37669,2.50027],[96.37566,2.49919]]],[[[96.36963,2.49973],[96.36913,2.50046],[96.36938,2.49978],[96.36963,2.49973]]],[[[96.37254,2.50009],[96.37118,2.49982],[96.3732,2.49899],[96.37254,2.50009]]],[[[96.37181,2.50106],[96.37101,2.50208],[96.3712,2.50135],[96.37181,2.50106]],[[96.38867,2.50214],[96.38787,2.50246],[96.38923,2.50216],[96.38867,2.50214]]],[[[96.39426,2.50428],[96.39223,2.50384],[96.39505,2.50242],[96.39426,2.50428]]],[[[96.38118,2.50518],[96.37865,2.50073],[96.37972,2.49988],[96.38118,2.50518]]],[[[96.41527,2.50495],[96.41517,2.50546],[96.41474,2.50541],[96.41527,2.50495]]],[[[96.385,2.50499],[96.38548,2.50545],[96.38286,2.5044],[96.385,2.50499]]],[[[96.39626,2.50587],[96.39561,2.50688],[96.39558,2.50609],[96.39626,2.50587]]],[[[96.36914,2.50941],[96.36594,2.50814],[96.36726,2.50417],[96.36979,2.50668],[96.37447,2.50537],[96.37613,2.50877],[96.37202,2.50925],[96.37152,2.50738],[96.36914,2.50941]]],[[[96.44463,2.51956],[96.44472,2.52111],[96.44389,2.51999],[96.44463,2.51956]]],[[[96.39262,2.52173],[96.39255,2.52228],[96.39204,2.52233],[96.39262,2.52173]]],[[[96.39067,2.522],[96.39,2.52261],[96.39007,2.52228],[96.39067,2.522]]],[[[96.35717,2.52218],[96.35687,2.5229],[96.35656,2.52216],[96.35717,2.52218]]],[[[96.35599,2.52536],[96.35541,2.52579],[96.35544,2.52532],[96.35599,2.52536]]],[[[96.37897,2.52705],[96.37612,2.52504],[96.37647,2.5217],[96.37146,2.52221],[96.36699,2.52614],[96.36292,2.52118],[96.36875,2.51579],[96.37364,2.51385],[96.37743,2.51583],[96.38104,2.5118],[96.38549,2.51665],[96.39048,2.51062],[96.39183,2.51385],[96.38776,2.51789],[96.37912,2.5151],[96.38092,2.51683],[96.37711,2.52114],[96.38175,2.52429],[96.37897,2.52705]]],[[[96.34686,2.52815],[96.34532,2.52686],[96.34958,2.52513],[96.34686,2.52815]]],[[[96.38769,2.53378],[96.38599,2.53342],[96.38688,2.53275],[96.38769,2.53378]]],[[[96.34986,2.53424],[96.34475,2.53189],[96.3506,2.52933],[96.34769,2.53201],[96.34986,2.53424]]],[[[96.34577,2.53533],[96.34382,2.53532],[96.34511,2.53363],[96.34577,2.53533]]],[[[96.40641,2.53631],[96.40578,2.53652],[96.40443,2.53568],[96.40641,2.53631]]],[[[96.36774,2.53624],[96.36815,2.53664],[96.36783,2.53652],[96.36774,2.53624]]],[[[96.38581,2.53601],[96.38558,2.53676],[96.38422,2.53642],[96.38581,2.53601]]],[[[96.35954,2.53982],[96.3558,2.53841],[96.35706,2.53741],[96.35954,2.53982]]],[[[96.34932,2.54173],[96.34895,2.54233],[96.34876,2.54212],[96.34932,2.54173]]],[[[95.93805,2.54708],[95.93274,2.54703],[95.93063,2.54219],[95.92201,2.54115],[95.91837,2.53093],[95.92475,2.52756],[95.96095,2.52308],[95.96312,2.52795],[95.95354,2.53358],[95.9476,2.54091],[95.9434,2.54023],[95.93805,2.54708]]],[[[96.06593,2.54864],[96.066,2.54984],[96.06536,2.54905],[96.06593,2.54864]]],[[[96.35988,2.55213],[96.35954,2.55238],[96.36004,2.55141],[96.35988,2.55213]]],[[[96.34367,2.55321],[96.34388,2.55394],[96.34333,2.55409],[96.34367,2.55321]]],[[[96.32829,2.56334],[96.32829,2.56358],[96.32789,2.56342],[96.32829,2.56334]]],[[[96.31158,2.56286],[96.31206,2.56374],[96.31119,2.56406],[96.31158,2.56286]]],[[[96.31035,2.56665],[96.31092,2.56783],[96.30955,2.56824],[96.31035,2.56665]]],[[[96.36035,2.5685],[96.36012,2.5689],[96.36004,2.56853],[96.36035,2.5685]]],[[[96.36442,2.56986],[96.36453,2.57007],[96.36426,2.57021],[96.36442,2.56986]]],[[[95.87246,2.61355],[95.8672,2.61217],[95.8647,2.60477],[95.86934,2.60585],[95.86909,2.61019],[95.87246,2.61355]]],[[[96.30567,2.62912],[96.30522,2.62978],[96.30424,2.62973],[96.30567,2.62912]]],[[[96.32638,2.63738],[96.32656,2.63896],[96.32591,2.63972],[96.32638,2.63738]]],[[[96.12022,2.64179],[96.1175,2.64113],[96.12329,2.63964],[96.12348,2.64174],[96.12022,2.64179]]],[[[96.11725,2.64128],[96.11624,2.6426],[96.1162,2.64223],[96.11725,2.64128]]],[[[96.15311,2.64867],[96.15284,2.64938],[96.15276,2.64885],[96.15311,2.64867]]],[[[96.11495,2.64938],[96.11378,2.6504],[96.11283,2.64669],[96.1154,2.64642],[96.11607,2.64326],[96.11632,2.64553],[96.11998,2.64645],[96.11669,2.64775],[96.11946,2.64876],[96.1159,2.64741],[96.11495,2.64938]]],[[[96.12967,2.64968],[96.13044,2.65098],[96.13005,2.65091],[96.12967,2.64968]]],[[[96.10213,2.65098],[96.0995,2.65088],[96.10108,2.64852],[96.10213,2.65098]]],[[[96.11862,2.65256],[96.11621,2.6504],[96.11818,2.65075],[96.11862,2.65256]]],[[[96.1259,2.65385],[96.12406,2.65323],[96.12549,2.65295],[96.1259,2.65385]]],[[[96.12329,2.65438],[96.12297,2.65513],[96.12207,2.65503],[96.12329,2.65438]]],[[[96.2143,2.65519],[96.21036,2.65415],[96.2118,2.65157],[96.21515,2.64977],[96.21911,2.65109],[96.2143,2.65519]]],[[[96.11811,2.65615],[96.12145,2.65152],[96.12112,2.65551],[96.11811,2.65615]]],[[[96.13004,2.65183],[96.13138,2.6536],[96.13175,2.65842],[96.13004,2.65183]]],[[[96.12511,2.65818],[96.12345,2.6582],[96.12329,2.65672],[96.12511,2.65818]]],[[[96.3673,2.65799],[96.36465,2.66353],[96.35231,2.65605],[96.36673,2.65209],[96.38247,2.64407],[96.3881,2.64631],[96.3969,2.64541],[96.38658,2.65495],[96.37452,2.65505],[96.3673,2.65799]]],[[[96.17168,2.66379],[96.16919,2.66631],[96.17022,2.66311],[96.17168,2.66379]]],[[[96.16232,2.66869],[96.1521,2.66834],[96.15772,2.66266],[96.16232,2.66869]]],[[[96.13304,2.66986],[96.13284,2.67161],[96.1325,2.67036],[96.13304,2.66986]]],[[[96.10795,2.67355],[96.10778,2.67381],[96.10795,2.67341],[96.10795,2.67355]]],[[[96.14506,2.67783],[96.14335,2.67567],[96.14656,2.6724],[96.14506,2.67783]]],[[[95.71918,2.70477],[95.71924,2.70498],[95.7189,2.70524],[95.71918,2.70477]]],[[[95.71782,2.70507],[95.71736,2.70547],[95.71717,2.70508],[95.71782,2.70507]]],[[[96.14613,2.70872],[96.14622,2.70894],[96.14599,2.709],[96.14613,2.70872]]],[[[96.14623,2.7093],[96.146,2.70962],[96.14602,2.70934],[96.14623,2.7093]]],[[[96.1462,2.71011],[96.14624,2.71024],[96.14611,2.71017],[96.1462,2.71011]]],[[[96.14604,2.71054],[96.14604,2.71078],[96.14595,2.71081],[96.14604,2.71054]]],[[[96.1432,2.71394],[96.14249,2.71358],[96.14349,2.71252],[96.1432,2.71394]]],[[[95.74301,2.71827],[95.73569,2.71267],[95.72536,2.71289],[95.72304,2.71705],[95.71586,2.71513],[95.71389,2.71196],[95.71868,2.7102],[95.72419,2.70331],[95.74127,2.70328],[95.74686,2.70612],[95.74468,2.71065],[95.7484,2.71575],[95.74301,2.71827]]],[[[96.11636,2.72443],[96.11808,2.7235],[96.11733,2.72463],[96.11636,2.72443]]],[[[96.13175,2.7246],[96.13094,2.72518],[96.13112,2.72353],[96.13175,2.7246]]],[[[96.1352,2.72612],[96.13299,2.72635],[96.13495,2.72341],[96.13326,2.72357],[96.13897,2.71955],[96.1352,2.72612]]],[[[96.12609,2.73275],[96.1263,2.73252],[96.1266,2.73272],[96.12609,2.73275]]],[[[96.11877,2.73258],[96.11895,2.73279],[96.1186,2.73273],[96.11877,2.73258]]],[[[96.12203,2.73261],[96.12219,2.73292],[96.12196,2.73304],[96.12203,2.73261]]],[[[96.12564,2.73308],[96.12532,2.73322],[96.12519,2.73316],[96.12564,2.73308]]],[[[96.12503,2.73371],[96.12506,2.73457],[96.12475,2.734],[96.12503,2.73371]]],[[[96.11901,2.73415],[96.11925,2.73427],[96.11907,2.73458],[96.11901,2.73415]]],[[[96.12014,2.73413],[96.12021,2.73436],[96.11996,2.73458],[96.12014,2.73413]]],[[[96.12054,2.73485],[96.12048,2.73504],[96.12041,2.73489],[96.12054,2.73485]]],[[[96.1264,2.7348],[96.12629,2.73514],[96.12577,2.73496],[96.1264,2.7348]]],[[[96.12569,2.73482],[96.12566,2.73515],[96.12532,2.73523],[96.12569,2.73482]]],[[[96.12509,2.73491],[96.12522,2.73547],[96.12499,2.73558],[96.12509,2.73491]]],[[[96.11395,2.73732],[96.11754,2.73596],[96.11695,2.73707],[96.11395,2.73732]]],[[[96.11329,2.73729],[96.11311,2.73777],[96.11295,2.73756],[96.11329,2.73729]]],[[[96.11217,2.73905],[96.11151,2.73891],[96.11394,2.73818],[96.11217,2.73905]]],[[[96.11451,2.73884],[96.11372,2.73957],[96.11373,2.73879],[96.11451,2.73884]]],[[[96.12121,2.73872],[96.1223,2.73922],[96.12016,2.74052],[96.12121,2.73872]]],[[[96.11441,2.74118],[96.11438,2.74083],[96.11483,2.74096],[96.11441,2.74118]]],[[[96.11199,2.74088],[96.10994,2.74102],[96.11094,2.73996],[96.11199,2.74088]]],[[[96.11564,2.74121],[96.11567,2.74152],[96.11549,2.74136],[96.11564,2.74121]]],[[[96.11213,2.74113],[96.11224,2.74143],[96.1118,2.74155],[96.11213,2.74113]]],[[[96.11362,2.74185],[96.1124,2.74142],[96.11276,2.74083],[96.11362,2.74185]]],[[[96.10478,2.74261],[96.10493,2.74202],[96.10536,2.7422],[96.10478,2.74261]]],[[[96.10392,2.7426],[96.10399,2.74276],[96.1038,2.74268],[96.10392,2.7426]]],[[[96.11276,2.74304],[96.11201,2.74178],[96.11361,2.74286],[96.11276,2.74304]]],[[[96.11434,2.74339],[96.11448,2.74347],[96.11428,2.74371],[96.11434,2.74339]]],[[[96.08842,2.74793],[96.08792,2.74703],[96.08847,2.74629],[96.08842,2.74793]]],[[[96.08517,2.74715],[96.08356,2.74728],[96.08678,2.74532],[96.08517,2.74715]]],[[[96.10144,2.74946],[96.10184,2.74889],[96.10195,2.7495],[96.10144,2.74946]]],[[[96.10421,2.74955],[96.09813,2.74852],[96.10536,2.74542],[96.10421,2.74955]]],[[[96.10398,2.74997],[96.10383,2.75019],[96.10376,2.75],[96.10398,2.74997]]],[[[96.10103,2.7503],[96.09907,2.74979],[96.10091,2.74949],[96.10103,2.7503]]],[[[96.10034,2.7506],[96.10076,2.75134],[96.1,2.75092],[96.10034,2.7506]]],[[[96.1124,2.75143],[96.10842,2.75079],[96.10764,2.74378],[96.10374,2.74446],[96.10715,2.74274],[96.10915,2.74554],[96.11347,2.74525],[96.11816,2.74032],[96.12126,2.7417],[96.1232,2.7389],[96.12356,2.7405],[96.12329,2.73839],[96.12833,2.73464],[96.12914,2.73752],[96.1231,2.74115],[96.12238,2.74493],[96.11673,2.74473],[96.1124,2.75143]]],[[[96.01393,2.7843],[96.01026,2.78388],[96.0109,2.78098],[96.01465,2.78211],[96.01393,2.7843]]],[[[95.9655,2.824],[95.96637,2.82681],[95.96261,2.82772],[95.9655,2.824]]],[[[95.90231,2.82898],[95.90174,2.82926],[95.90175,2.82877],[95.90231,2.82898]]],[[[95.78479,2.82894],[95.78527,2.82941],[95.78454,2.8293],[95.78479,2.82894]]],[[[95.90242,2.82931],[95.90241,2.8295],[95.9022,2.82936],[95.90242,2.82931]]],[[[95.9025,2.82967],[95.90227,2.8298],[95.90212,2.82968],[95.9025,2.82967]]],[[[95.78888,2.83044],[95.78878,2.82987],[95.78954,2.83021],[95.78888,2.83044]]],[[[95.89641,2.83097],[95.89582,2.83279],[95.89518,2.83227],[95.89641,2.83097]]],[[[95.76459,2.83544],[95.7647,2.82837],[95.76919,2.82955],[95.76772,2.83201],[95.77181,2.83091],[95.77104,2.8333],[95.76459,2.83544]]],[[[95.8871,2.83505],[95.88738,2.83602],[95.88688,2.83541],[95.8871,2.83505]]],[[[95.78819,2.83407],[95.78924,2.83649],[95.78715,2.83464],[95.78819,2.83407]]],[[[95.88578,2.8359],[95.88626,2.83694],[95.88541,2.83643],[95.88578,2.8359]]],[[[95.78539,2.83732],[95.78668,2.83823],[95.78557,2.83821],[95.78539,2.83732]]],[[[95.91067,2.83769],[95.90872,2.83949],[95.91157,2.83685],[95.91067,2.83769]]],[[[95.96443,2.84156],[95.96582,2.84556],[95.96393,2.84717],[95.96254,2.84498],[95.96443,2.84156]]],[[[95.88843,2.84762],[95.88698,2.84816],[95.88734,2.84749],[95.88843,2.84762]]],[[[95.87588,2.85044],[95.87487,2.85336],[95.87425,2.85055],[95.87223,2.85062],[95.87494,2.84878],[95.87717,2.84954],[95.87588,2.85044]]],[[[95.94377,2.85149],[95.94299,2.85519],[95.942,2.85353],[95.94377,2.85149]]],[[[95.93126,2.86087],[95.93069,2.86381],[95.92849,2.86489],[95.93126,2.86087]]],[[[95.8841,2.86651],[95.88413,2.86821],[95.88221,2.8672],[95.8841,2.86651]]],[[[95.8844,2.86894],[95.88522,2.87023],[95.88374,2.86969],[95.8844,2.86894]]],[[[95.76367,2.89129],[95.76357,2.89377],[95.75943,2.89426],[95.75911,2.89134],[95.76367,2.89129]]],[[[95.83746,2.89777],[95.83749,2.89821],[95.83689,2.89777],[95.83746,2.89777]]],[[[95.83545,2.89765],[95.83564,2.89847],[95.83525,2.89786],[95.83545,2.89765]]],[[[95.82337,2.90169],[95.82322,2.90207],[95.82275,2.90184],[95.82337,2.90169]]],[[[95.82669,2.9033],[95.82664,2.90373],[95.82648,2.90355],[95.82669,2.9033]]],[[[95.75706,2.90462],[95.7556,2.90304],[95.75747,2.90314],[95.75706,2.90462]]],[[[95.80829,2.91104],[95.80837,2.91121],[95.8082,2.91123],[95.80829,2.91104]]],[[[95.80683,2.91269],[95.80678,2.91292],[95.8067,2.91276],[95.80683,2.91269]]],[[[95.80306,2.91282],[95.80288,2.91358],[95.8023,2.9128],[95.80306,2.91282]]],[[[95.75971,2.92903],[95.75786,2.92685],[95.76103,2.92522],[95.75971,2.92903]]],[[[95.38841,2.9859],[95.38593,2.98147],[95.39226,2.97245],[95.39269,2.96429],[95.39724,2.96311],[95.40307,2.97211],[95.39911,2.97443],[95.39312,2.98529],[95.38841,2.9859]]],[[[95.40618,3.01739],[95.40115,3.01628],[95.40025,3.01026],[95.40848,3.01373],[95.40618,3.01739]]]]}},{"type":"Feature","id":"banda_aceh","properties":{"kab_id":"banda_aceh","nama":"Banda Aceh","tipe":"KOTA","kode_bps":"","kode_prov":"11","kantah_id":"KANTAH_BANDA_ACEH","status":"RENCANA","target_minggu_ini":1,"label_lon":95.32502,"label_lat":5.56359,"sort_no":19,"sumber":"BIG_Administrasi_AR_KabKota_50K","source_name":"Kota Banda Aceh","source_objectid":813,"note":""},"geometry":{"type":"MultiPolygon","coordinates":[[[[95.30414,5.56933],[95.29899,5.56692],[95.30333,5.56738],[95.30414,5.56933]]],[[[95.29737,5.56905],[95.2974,5.56575],[95.29407,5.56601],[95.29586,5.5694],[95.28245,5.55816],[95.28658,5.55759],[95.28774,5.56076],[95.29749,5.56544],[95.29737,5.56905]]],[[[95.37529,5.61081],[95.35862,5.60604],[95.34679,5.60596],[95.32276,5.59014],[95.3173,5.59523],[95.32313,5.58956],[95.32203,5.58741],[95.32468,5.58726],[95.31548,5.58608],[95.31397,5.58856],[95.31529,5.58605],[95.31898,5.58618],[95.31568,5.58318],[95.31141,5.59046],[95.31554,5.59598],[95.31132,5.59035],[95.31576,5.58274],[95.31278,5.58496],[95.31253,5.58202],[95.29856,5.57028],[95.31176,5.58084],[95.30994,5.56809],[95.30747,5.56714],[95.308,5.56116],[95.3034,5.56219],[95.30286,5.56573],[95.29802,5.56427],[95.28846,5.5595],[95.28804,5.55548],[95.28349,5.55655],[95.28323,5.55392],[95.27299,5.54939],[95.27241,5.54735],[95.28092,5.54797],[95.28345,5.54602],[95.28011,5.53601],[95.28264,5.5358],[95.28369,5.53224],[95.28889,5.53137],[95.28964,5.52811],[95.29605,5.52764],[95.30095,5.52138],[95.31296,5.51637],[95.31324,5.51843],[95.32029,5.51658],[95.32321,5.51892],[95.32663,5.52735],[95.3436,5.52777],[95.34435,5.53482],[95.35038,5.53548],[95.35269,5.53345],[95.35514,5.54228],[95.35963,5.54121],[95.36058,5.54469],[95.35732,5.55863],[95.35347,5.55785],[95.35288,5.56088],[95.35781,5.56629],[95.35763,5.57127],[95.35945,5.5723],[95.36805,5.56219],[95.37763,5.56908],[95.37218,5.57135],[95.36996,5.57671],[95.37274,5.57883],[95.36876,5.58913],[95.36511,5.58492],[95.35476,5.5836],[95.35032,5.59467],[95.36593,5.6015],[95.36781,5.60586],[95.37529,5.61081]]]]}},{"type":"Feature","id":"langsa","properties":{"kab_id":"langsa","nama":"Langsa","tipe":"KOTA","kode_bps":"","kode_prov":"11","kantah_id":"KANTAH_LANGSA","status":"BELUM_TARGET","target_minggu_ini":0,"label_lon":97.97611,"label_lat":4.48304,"sort_no":20,"sumber":"BIG_Administrasi_AR_KabKota_50K","source_name":"Kota Langsa","source_objectid":822,"note":""},"geometry":{"type":"MultiPolygon","coordinates":[[[[98.08441,4.53127],[98.08434,4.5321],[98.08399,4.53129],[98.08441,4.53127]]],[[[98.03819,4.53586],[98.03865,4.53706],[98.03786,4.5365],[98.03819,4.53586]]],[[[98.0473,4.54512],[98.04334,4.54509],[98.04064,4.54182],[98.0415,4.53676],[98.04975,4.53834],[98.0473,4.54512]]],[[[98.06649,4.55004],[98.06552,4.54631],[98.06858,4.54797],[98.06649,4.55004]]],[[[98.06496,4.55322],[98.06461,4.55005],[98.0662,4.55202],[98.06496,4.55322]]],[[[97.98382,4.53481],[97.98186,4.5357],[97.98543,4.53956],[97.9842,4.54647],[97.97619,4.5574],[97.97467,4.55656],[97.98001,4.54367],[97.96666,4.53085],[97.96194,4.53071],[97.95419,4.53691],[97.95076,4.53547],[97.95124,4.53107],[97.94544,4.53093],[97.94328,4.52864],[97.93543,4.53049],[97.93658,4.53456],[97.93224,4.53565],[97.91679,4.5314],[97.91228,4.52259],[97.89481,4.50474],[97.89059,4.4958],[97.89082,4.47826],[97.88226,4.47787],[97.88279,4.47409],[97.87047,4.47525],[97.86819,4.47252],[97.87017,4.46017],[97.8678,4.45482],[97.87264,4.45435],[97.87653,4.44822],[97.88568,4.45131],[97.88836,4.44752],[97.89217,4.45172],[97.90193,4.44354],[97.90345,4.44426],[97.90184,4.44748],[97.90404,4.44764],[97.90555,4.45164],[97.90858,4.45155],[97.9061,4.45013],[97.90798,4.44688],[97.9093,4.44978],[97.91414,4.44769],[97.91204,4.45117],[97.91774,4.45099],[97.9168,4.44665],[97.91923,4.44206],[97.92597,4.44208],[97.92757,4.43575],[97.92271,4.4262],[97.91517,4.42535],[97.91373,4.42086],[97.91718,4.41952],[97.92287,4.42284],[97.92862,4.42052],[97.93504,4.42869],[97.94045,4.43077],[97.94042,4.43613],[97.96594,4.44339],[97.97161,4.43684],[97.96873,4.4241],[97.97145,4.42249],[97.97195,4.41803],[97.98254,4.41934],[97.98258,4.41084],[97.98889,4.41064],[97.99019,4.40798],[97.99349,4.40936],[97.99497,4.40644],[98.0011,4.40504],[98.00239,4.40852],[98.01304,4.41101],[98.0206,4.4166],[98.02554,4.41606],[98.02582,4.40827],[98.03262,4.41761],[98.03792,4.41623],[98.03736,4.42305],[98.04036,4.42577],[98.04232,4.43428],[98.04587,4.46369],[98.05804,4.47903],[98.06139,4.47856],[98.06349,4.48293],[98.0624,4.48773],[98.06663,4.49259],[98.06129,4.50607],[98.06196,4.51093],[98.07622,4.5127],[98.07608,4.51506],[98.07881,4.51593],[98.07716,4.52146],[98.08393,4.53271],[98.08238,4.53829],[98.06978,4.54721],[98.06827,4.54477],[98.06322,4.54612],[98.05499,4.53568],[98.04162,4.52997],[98.0374,4.52582],[98.03439,4.53275],[98.03897,4.54447],[98.03723,4.54614],[98.03381,4.5429],[98.02719,4.54181],[98.02525,4.53708],[98.01885,4.53783],[98.00177,4.5307],[97.9988,4.52179],[97.9952,4.53239],[97.98875,4.5295],[97.98382,4.53481]]],[[[98.0635,4.5575],[98.05605,4.56104],[98.05913,4.55548],[98.0635,4.5575]]]]}},{"type":"Feature","id":"lhokseumawe","properties":{"kab_id":"lhokseumawe","nama":"Lhokseumawe","tipe":"KOTA","kode_bps":"","kode_prov":"11","kantah_id":"KANTAH_LHOKSEUMAWE","status":"BELUM_TARGET","target_minggu_ini":0,"label_lon":97.10251,"label_lat":5.16103,"sort_no":21,"sumber":"BIG_Administrasi_AR_KabKota_50K","source_name":"Kota Lhokseumawe","source_objectid":823,"note":""},"geometry":{"type":"Polygon","coordinates":[[[97.17625,5.14212],[97.14763,5.15181],[97.1462,5.15692],[97.14329,5.15545],[97.14109,5.16335],[97.14614,5.16804],[97.15049,5.16666],[97.15083,5.16976],[97.15001,5.16711],[97.14909,5.16888],[97.15329,5.17302],[97.15088,5.1682],[97.15377,5.1738],[97.15147,5.18683],[97.14185,5.19994],[97.11733,5.21246],[97.11778,5.21687],[97.10906,5.22167],[97.10738,5.21493],[97.11124,5.21313],[97.11005,5.21064],[97.10636,5.21165],[97.09597,5.21833],[97.09724,5.2229],[97.10355,5.22108],[97.10345,5.22495],[97.06401,5.2345],[97.04587,5.24179],[97.03686,5.22958],[97.03779,5.22361],[97.03493,5.21931],[97.03867,5.21572],[97.02624,5.20893],[97.0312,5.20458],[97.02657,5.19736],[97.04863,5.19901],[97.05142,5.19633],[97.05179,5.18885],[97.05467,5.18786],[97.06091,5.17819],[97.05797,5.17243],[97.06451,5.17028],[97.0655,5.16207],[97.06707,5.16634],[97.07136,5.16542],[97.08151,5.17343],[97.08816,5.17072],[97.09027,5.16803],[97.0839,5.15174],[97.08451,5.14508],[97.0911,5.13871],[97.1011,5.13319],[97.10238,5.13469],[97.10867,5.12866],[97.1064,5.11459],[97.10108,5.11352],[97.11083,5.11245],[97.1129,5.1084],[97.12199,5.10519],[97.12052,5.1013],[97.13064,5.0909],[97.13575,5.09169],[97.14178,5.0893],[97.14651,5.09204],[97.15373,5.08648],[97.15245,5.08027],[97.15639,5.08577],[97.15975,5.08135],[97.16777,5.08433],[97.17471,5.0819],[97.17774,5.08365],[97.1768,5.09275],[97.17247,5.10205],[97.17669,5.11748],[97.17459,5.12256],[97.17685,5.12427],[97.17669,5.12971],[97.17497,5.13119],[97.17693,5.13136],[97.17877,5.13965],[97.17625,5.14212]]]}},{"type":"Feature","id":"sabang","properties":{"kab_id":"sabang","nama":"Sabang","tipe":"KOTA","kode_bps":"","kode_prov":"11","kantah_id":"KANTAH_SABANG","status":"BELUM_TARGET","target_minggu_ini":0,"label_lon":95.24385,"label_lat":5.92427,"sort_no":22,"sumber":"BIG_Administrasi_AR_KabKota_50K","source_name":"Kota Sabang","source_objectid":838,"note":""},"geometry":{"type":"MultiPolygon","coordinates":[[[[95.30978,5.87755],[95.30773,5.87523],[95.31325,5.87328],[95.31391,5.87492],[95.30978,5.87755]]],[[[95.25909,5.87487],[95.26,5.88284],[95.25441,5.88805],[95.25909,5.87487]]],[[[95.25413,5.89301],[95.25419,5.8962],[95.25325,5.8967],[95.25413,5.89301]]],[[[95.21785,5.90705],[95.21618,5.90634],[95.21769,5.89897],[95.21536,5.89134],[95.22013,5.88153],[95.22005,5.8752],[95.22847,5.87013],[95.23163,5.86337],[95.23711,5.85884],[95.23948,5.85112],[95.24731,5.85144],[95.25705,5.84368],[95.26046,5.83242],[95.25749,5.82567],[95.26378,5.81852],[95.26564,5.8073],[95.27752,5.7873],[95.28496,5.7805],[95.30489,5.77962],[95.32766,5.77175],[95.33314,5.77478],[95.34191,5.78622],[95.34346,5.79414],[95.34626,5.79359],[95.3449,5.79953],[95.34781,5.80478],[95.34397,5.80798],[95.34601,5.8114],[95.34339,5.82102],[95.34584,5.82721],[95.35223,5.8279],[95.3708,5.80414],[95.37503,5.80524],[95.3774,5.82704],[95.37229,5.84478],[95.37423,5.84707],[95.3573,5.86041],[95.35254,5.86938],[95.35143,5.88188],[95.33717,5.89492],[95.33667,5.89806],[95.33663,5.89575],[95.32447,5.90136],[95.31083,5.89446],[95.31017,5.89036],[95.31453,5.88529],[95.32126,5.89006],[95.32444,5.88581],[95.32404,5.88228],[95.32066,5.88006],[95.3212,5.87708],[95.31346,5.86697],[95.31164,5.86918],[95.30688,5.86795],[95.30619,5.87379],[95.30196,5.87278],[95.30436,5.84104],[95.29833,5.83844],[95.29411,5.84055],[95.29258,5.83848],[95.28595,5.8415],[95.2845,5.84816],[95.27669,5.84752],[95.27478,5.85302],[95.27081,5.85291],[95.26831,5.85774],[95.26359,5.85655],[95.26227,5.86698],[95.2671,5.86778],[95.26769,5.86486],[95.26805,5.8702],[95.26443,5.87268],[95.25791,5.8719],[95.25097,5.8827],[95.25038,5.87601],[95.24771,5.87691],[95.24732,5.88143],[95.2398,5.88639],[95.241,5.89136],[95.23596,5.89798],[95.22363,5.90591],[95.21785,5.90705]]],[[[95.11693,6.05583],[95.11642,6.05514],[95.1169,6.0553],[95.11693,6.05583]]],[[[95.11048,6.05868],[95.1103,6.05811],[95.11143,6.05796],[95.11048,6.05868]]],[[[95.11254,6.05888],[95.11164,6.05856],[95.11186,6.05785],[95.11254,6.05888]]],[[[95.11526,6.05936],[95.11524,6.05948],[95.11508,6.05943],[95.11526,6.05936]]],[[[95.11534,6.05977],[95.11517,6.05998],[95.11522,6.0598],[95.11534,6.05977]]],[[[95.11447,6.06005],[95.11425,6.05992],[95.11475,6.05981],[95.11447,6.06005]]],[[[95.11442,6.06195],[95.11423,6.06186],[95.11449,6.06149],[95.11442,6.06195]]],[[[95.11397,6.06245],[95.11397,6.06268],[95.1138,6.06268],[95.11397,6.06245]]],[[[95.11423,6.06269],[95.11407,6.06255],[95.11436,6.06244],[95.11423,6.06269]]],[[[95.11376,6.0628],[95.11377,6.06298],[95.11369,6.0629],[95.11376,6.0628]]],[[[95.11683,6.07679],[95.11234,6.07518],[95.1145,6.07064],[95.12034,6.07333],[95.11683,6.07679]]]]}},{"type":"Feature","id":"subulussalam","properties":{"kab_id":"subulussalam","nama":"Subulussalam","tipe":"KOTA","kode_bps":"","kode_prov":"11","kantah_id":"KANTAH_SUBULUSSALAM","status":"BELUM_TARGET","target_minggu_ini":0,"label_lon":97.94172,"label_lat":2.75417,"sort_no":23,"sumber":"BIG_Administrasi_AR_KabKota_50K","source_name":"Kota Subulussalam","source_objectid":750,"note":""},"geometry":{"type":"Polygon","coordinates":[[[97.93619,2.9895],[97.93007,2.99071],[97.92611,2.99468],[97.92003,2.99425],[97.9167,2.99854],[97.89783,3.00831],[97.86925,3.00953],[97.8571,3.00288],[97.84614,3.00116],[97.83864,3.00348],[97.8299,3.00055],[97.81478,2.98304],[97.87338,2.96773],[97.90038,2.96631],[97.9071,2.95508],[97.90882,2.9246],[97.9028,2.90782],[97.88547,2.89408],[97.85858,2.88189],[97.85716,2.87384],[97.86022,2.84604],[97.85165,2.8361],[97.78462,2.80495],[97.78763,2.79952],[97.76653,2.78807],[97.81716,2.66732],[97.81343,2.65306],[97.82521,2.63693],[97.79554,2.54842],[97.7912,2.50019],[97.86497,2.49881],[97.8651,2.52744],[97.85526,2.52744],[97.85503,2.56456],[97.89896,2.56441],[97.90407,2.56223],[97.91269,2.57058],[97.95919,2.5731],[97.99438,2.58198],[98.00663,2.58276],[98.0766,2.57479],[98.08481,2.60341],[98.09299,2.60201],[98.10923,2.60609],[98.11011,2.61217],[98.10595,2.61924],[98.10691,2.62583],[98.10474,2.62875],[98.1062,2.63966],[98.10353,2.65227],[98.10402,2.68193],[98.0993,2.69098],[98.08668,2.70471],[98.07285,2.731],[98.07185,2.74128],[98.0765,2.7506],[98.06937,2.76417],[98.08961,2.77298],[98.10823,2.77644],[98.1169,2.78505],[98.10496,2.79145],[98.09831,2.81715],[98.09936,2.82266],[98.0671,2.81731],[98.05535,2.81885],[98.04651,2.82598],[98.03909,2.84746],[98.03334,2.84811],[98.02815,2.85508],[98.00367,2.87389],[97.99808,2.87389],[97.99305,2.88184],[97.95292,2.89351],[97.94433,2.89902],[97.94238,2.90648],[97.94879,2.91686],[97.9453,2.92918],[97.95171,2.93412],[97.95665,2.96039],[97.95535,2.98098],[97.95292,2.98576],[97.93979,2.98714],[97.93619,2.9895]]]}}]}